run_time,station_id,flood_label,flood_category,confidence,rainfall_mm,w_avg,w_max,w_min,q_avg,q_max,q_min,rainfall_DEN01,rainfall_LAN01,rainfall_THA01,rainfall_UDU01,rainfall_MAK01,rainfall_BAD01,rising_flag,station_code,rainfall_mm_lag_1,rainfall_mm_lag_2,rainfall_mm_lag_3,w_avg_lag_1,w_avg_lag_2,w_max_lag_1,rainfall_mm_rolling_3,rainfall_mm_rolling_7,w_avg_rolling_3,w_avg_delta,rainfall_delta,rainfall_DEN01_lag_1,rainfall_DEN01_lag_2,rainfall_LAN01_lag_1,rainfall_LAN01_lag_2,rainfall_THA01_lag_1,rainfall_THA01_lag_2,rainfall_UDU01_lag_1,rainfall_UDU01_lag_2,rainfall_MAK01_lag_1,rainfall_MAK01_lag_2
2026-05-14T08:19:14,BAD01,0,Normal,0.9859,0.0,3.27,3.27,3.27,202.198425,201.988968,201.70192,0.0,0.0,0.0,0.0,0.0,0.0,0.0,0.0,14.7,0.0,0.0,2.12,1.7,2.12,4.9,2.6,1.6067,1.15,-14.7,0.0,0.0,0.0,0.0,0.0,0.0,0.0,0.0,1.0,0.0
2026-05-14T08:19:14,THA01,0,Normal,0.9982,0.0,2.0,2.0,2.0,49.164074,50.618557,47.169209,0.0,0.0,0.0,0.0,0.0,0.0,0.0,1.0,0.0,0.0,0.0,2.05,1.83,2.05,0.0,0.0,1.7667,-0.05,0.0,0.0,0.0,0.0,0.0,0.0,0.0,0.0,0.0,1.0,0.0
2026-05-14T11:04:43,BAD01,0,Normal,0.9863,0.0,3.235,3.27,3.2,199.102051,201.988968,195.574829,0.0,0.0,0.0,0.0,0.0,0.0,0.0,0.0,14.7,0.0,0.0,2.12,1.7,2.12,4.9,2.6,1.6067,1.115,-14.7,0.0,0.0,0.0,0.0,0.0,0.0,0.0,0.0,1.0,0.0
2026-05-14T11:04:43,THA01,0,Normal,0.9982,0.0,2.11,2.22,2.0,54.018787,60.470177,47.169209,0.0,0.0,0.0,0.0,0.0,0.0,0.0,1.0,0.0,0.0,0.0,2.05,1.83,2.05,0.0,0.0,1.7667,0.06,0.0,0.0,0.0,0.0,0.0,0.0,0.0,0.0,0.0,1.0,0.0
2026-05-14T13:20:30,BAD01,0,Normal,0.9866,0.0,3.2,3.27,3.13,196.020187,201.988968,189.504517,0.0,0.0,0.0,0.0,0.0,0.0,0.0,0.0,14.7,0.0,0.0,2.12,1.7,2.12,4.9,2.6,1.6067,1.08,-14.7,0.0,0.0,0.0,0.0,0.0,0.0,0.0,0.0,1.0,0.0
2026-05-14T13:20:30,THA01,0,Normal,0.9982,0.0,2.22,2.44,2.0,59.069454,71.034454,47.169209,0.0,0.0,0.0,0.0,0.0,0.0,0.0,1.0,0.0,0.0,0.0,2.05,1.83,2.05,0.0,0.0,1.7667,0.17,0.0,0.0,0.0,0.0,0.0,0.0,0.0,0.0,0.0,1.0,0.0
2026-05-14T16:00:19,BAD01,0,Normal,0.9866,0.0,3.1825,3.27,3.13,194.484726,201.988968,189.504517,0.0,0.0,0.0,0.0,0.0,0.0,0.0,0.0,14.7,0.0,0.0,2.12,1.7,2.12,4.9,2.6,1.6067,1.0625,-14.7,0.0,0.0,0.0,0.0,0.0,0.0,0.0,0.0,1.0,0.0
2026-05-14T16:00:19,THA01,0,Normal,0.9982,0.0,2.275,2.44,2.0,61.667519,71.034454,47.169209,0.0,0.0,0.0,0.0,0.0,0.0,0.0,1.0,0.0,0.0,0.0,2.05,1.83,2.05,0.0,0.0,1.7667,0.225,0.0,0.0,0.0,0.0,0.0,0.0,0.0,0.0,0.0,1.0,0.0
2026-05-14T18:25:15,BAD01,0,Normal,0.9866,0.0,3.172,3.27,3.13,193.565201,201.988968,189.504517,0.0,0.0,0.0,0.0,0.0,0.0,0.0,0.0,14.7,0.0,0.0,2.12,1.7,2.12,4.9,2.6,1.6067,1.052,-14.7,0.0,0.0,0.0,0.0,0.0,0.0,0.0,0.0,1.0,0.0
2026-05-14T18:25:15,THA01,0,Normal,0.9982,0.0,2.308,2.44,2.0,63.249466,71.034454,47.169209,0.0,0.0,0.0,0.0,0.0,0.0,0.0,1.0,0.0,0.0,0.0,2.05,1.83,2.05,0.0,0.0,1.7667,0.258,0.0,0.0,0.0,0.0,0.0,0.0,0.0,0.0,0.0,1.0,0.0
2026-05-15T01:50:03,BAD01,0,Normal,0.9888,0.0,3.1,3.1,3.1,187.295609,186.987061,186.920517,0.1,0.2,0.1,0.2,0.3,0.3,0.0,0.0,14.7,0.0,0.0,2.12,1.7,2.12,4.9,2.6,1.6067,0.98,-14.7,0.0,0.0,0.0,0.0,0.0,0.0,0.0,0.0,1.0,0.0
2026-05-15T01:50:03,THA01,0,Normal,0.9982,0.0,2.42,2.42,2.42,68.746826,70.045151,66.797852,0.1,0.2,0.1,0.2,0.3,0.3,0.0,1.0,0.0,0.0,0.0,2.05,1.83,2.05,0.0,0.0,1.7667,0.37,0.0,0.0,0.0,0.0,0.0,0.0,0.0,0.0,0.0,1.0,0.0
2026-05-15T03:23:40,BAD01,0,Normal,0.9896,0.0,3.1,3.1,3.1,187.295609,186.987061,186.920517,0.3,0.5,0.3,0.5,0.7,0.7,0.0,0.0,0.0,14.7,0.0,3.1,2.12,3.1,4.9,2.6,2.3067,0.0,0.0,0.1,0.0,0.2,0.0,0.1,0.0,0.2,0.0,0.3,1.0
2026-05-15T03:23:40,THA01,0,Normal,0.9982,0.0,2.42,2.42,2.42,68.746826,70.045151,66.797852,0.3,0.5,0.3,0.5,0.7,0.7,0.0,1.0,0.0,0.0,0.0,2.42,2.05,2.42,0.0,0.0,2.1,0.0,0.0,0.1,0.0,0.2,0.0,0.1,0.0,0.2,0.0,0.3,1.0
2026-05-15T05:10:32,BAD01,0,Normal,0.9889,0.0,3.1233,3.17,3.1,189.317688,193.121063,186.920517,0.5,0.8,0.6,0.9,1.3,1.3,0.0,0.0,0.0,14.7,0.0,3.1,2.12,3.1,4.9,2.6,2.3067,0.0233,0.0,0.1,0.0,0.2,0.0,0.1,0.0,0.2,0.0,0.3,1.0
2026-05-15T05:10:32,THA01,0,Normal,0.9982,0.0,2.53,2.75,2.42,74.337334,87.092545,66.797852,0.5,0.8,0.6,0.9,1.3,1.3,0.0,1.0,0.0,0.0,0.0,2.42,2.05,2.42,0.0,0.0,2.1,0.11,0.0,0.1,0.0,0.2,0.0,0.1,0.0,0.2,0.0,0.3,1.0
2026-05-15T07:02:04,BAD01,0,Normal,0.9889,0.0,3.135,3.17,3.1,190.335526,193.121063,186.920517,0.8,1.2,0.9,1.3,2.0,2.0,0.0,0.0,0.0,14.7,0.0,3.1,2.12,3.1,4.9,2.6,2.3067,0.035,0.0,0.1,0.0,0.2,0.0,0.1,0.0,0.2,0.0,0.3,1.0
2026-05-15T07:02:04,THA01,0,Normal,0.9982,0.0,2.585,2.75,2.42,77.203049,87.092545,66.797852,0.8,1.2,0.9,1.3,2.0,2.0,0.0,1.0,0.0,0.0,0.0,2.42,2.05,2.42,0.0,0.0,2.1,0.165,0.0,0.1,0.0,0.2,0.0,0.1,0.0,0.2,0.0,0.3,1.0
2026-05-15T11:11:09,BAD01,0,Normal,0.9879,0.0,3.168,3.3,3.1,193.215256,204.673157,186.920517,1.1,1.6,1.1,1.4,2.4,2.4,0.0,0.0,0.0,14.7,0.0,3.1,2.12,3.1,4.9,2.6,2.3067,0.068,0.0,0.1,0.0,0.2,0.0,0.1,0.0,0.2,0.0,0.3,1.0
2026-05-15T11:11:09,THA01,0,Normal,0.9982,0.0,2.578,2.75,2.42,76.835724,87.092545,66.797852,1.1,1.6,1.1,1.4,2.4,2.4,0.0,1.0,0.0,0.0,0.0,2.42,2.05,2.42,0.0,0.0,2.1,0.158,0.0,0.1,0.0,0.2,0.0,0.1,0.0,0.2,0.0,0.3,1.0
2026-05-15T14:01:17,BAD01,0,Normal,0.9874,0.0,3.195,3.33,3.1,195.581116,207.36824,186.920517,1.3,1.8,1.6,1.9,3.2,3.2,0.0,0.0,0.0,14.7,0.0,3.1,2.12,3.1,4.9,2.6,2.3067,0.095,0.0,0.1,0.0,0.2,0.0,0.1,0.0,0.2,0.0,0.3,1.0
2026-05-15T14:01:17,THA01,0,Normal,0.9982,0.0,2.55,2.75,2.41,75.374001,87.092545,66.294899,1.3,1.8,1.6,1.9,3.2,3.2,0.0,1.0,0.0,0.0,0.0,2.42,2.05,2.42,0.0,0.0,2.1,0.13,0.0,0.1,0.0,0.2,0.0,0.1,0.0,0.2,0.0,0.3,1.0
2026-05-15T16:37:21,BAD01,0,Normal,0.9874,0.0,3.2143,3.33,3.1,197.277588,207.36824,186.920517,1.5,2.0,2.0,2.1,3.5,3.5,0.0,0.0,0.0,14.7,0.0,3.1,2.12,3.1,4.9,2.6,2.3067,0.1143,0.0,0.1,0.0,0.2,0.0,0.1,0.0,0.2,0.0,0.3,1.0
2026-05-15T16:37:21,THA01,0,Normal,0.9982,0.0,2.5157,2.75,2.31,73.599922,87.092545,61.36013,1.5,2.0,2.0,2.1,3.5,3.5,0.0,1.0,0.0,0.0,0.0,2.42,2.05,2.42,0.0,0.0,2.1,0.0957,0.0,0.1,0.0,0.2,0.0,0.1,0.0,0.2,0.0,0.3,1.0
2026-05-15T18:49:30,BAD01,0,Normal,0.9874,0.0,3.2287,3.33,3.1,198.546249,207.36824,186.920517,1.8,2.8,2.6,2.5,4.2,4.2,0.0,0.0,0.0,14.7,0.0,3.1,2.12,3.1,4.9,2.6,2.3067,0.1287,0.0,0.1,0.0,0.2,0.0,0.1,0.0,0.2,0.0,0.3,1.0
2026-05-15T18:49:30,THA01,0,Normal,0.9982,0.0,2.49,2.75,2.31,72.282616,87.092545,61.36013,1.8,2.8,2.6,2.5,4.2,4.2,0.0,1.0,0.0,0.0,0.0,2.42,2.05,2.42,0.0,0.0,2.1,0.07,0.0,0.1,0.0,0.2,0.0,0.1,0.0,0.2,0.0,0.3,1.0
2026-05-15T21:21:53,BAD01,0,Normal,0.9872,0.0,3.2356,3.33,3.1,199.155014,207.36824,186.920517,2.0,3.0,2.8,2.6,4.3,4.3,0.0,0.0,0.0,14.7,0.0,3.1,2.12,3.1,4.9,2.6,2.3067,0.1356,0.0,0.1,0.0,0.2,0.0,0.1,0.0,0.2,0.0,0.3,1.0
2026-05-15T21:21:53,THA01,0,Normal,0.9982,0.0,2.4567,2.75,2.19,70.591049,87.092545,55.667171,2.0,3.0,2.8,2.6,4.3,4.3,0.0,1.0,0.0,0.0,0.0,2.42,2.05,2.42,0.0,0.0,2.1,0.0367,0.0,0.1,0.0,0.2,0.0,0.1,0.0,0.2,0.0,0.3,1.0
2026-05-15T23:43:18,BAD01,0,Normal,0.9872,0.0,3.236,3.33,3.1,199.190323,207.36824,186.920517,2.0,3.2,2.9,2.9,4.8,4.3,0.0,0.0,0.0,14.7,0.0,3.1,2.12,3.1,4.9,2.6,2.3067,0.136,0.0,0.1,0.0,0.2,0.0,0.1,0.0,0.2,0.0,0.3,1.0
2026-05-15T23:43:18,THA01,0,Normal,0.9982,0.0,2.42,2.75,2.09,68.746826,87.092545,51.115261,2.0,3.2,2.9,2.9,4.8,4.3,0.0,1.0,0.0,0.0,0.0,2.42,2.05,2.42,0.0,0.0,2.1,0.0,0.0,0.1,0.0,0.2,0.0,0.1,0.0,0.2,0.0,0.3,1.0
2026-05-16T01:38:17,BAD01,0,Normal,0.9888,0.0,3.16,3.16,3.16,192.515945,192.241058,192.099075,0.1,0.2,0.2,0.1,0.2,0.2,0.0,0.0,0.0,14.7,0.0,3.1,2.12,3.1,4.9,2.6,2.3067,0.06,0.0,0.1,0.0,0.2,0.0,0.1,0.0,0.2,0.0,0.3,1.0
2026-05-16T01:38:17,THA01,0,Normal,0.9982,0.0,2.1,2.1,2.1,53.569317,55.006859,51.562546,0.1,0.2,0.2,0.1,0.2,0.2,0.0,1.0,0.0,0.0,0.0,2.42,2.05,2.42,0.0,0.0,2.1,-0.32,0.0,0.1,0.0,0.2,0.0,0.1,0.0,0.2,0.0,0.3,1.0
2026-05-16T03:12:18,BAD01,0,Normal,0.9889,0.0,3.135,3.16,3.11,190.335526,192.241058,187.78067,0.2,0.3,0.3,0.2,0.8,0.8,0.0,0.0,0.0,0.0,14.7,3.16,3.1,3.16,4.9,2.6,2.7933,-0.025,0.0,0.1,0.1,0.2,0.2,0.2,0.1,0.1,0.2,0.2,0.3
2026-05-16T03:12:18,THA01,0,Normal,0.9982,0.0,2.12,2.14,2.1,54.469879,56.804199,51.562546,0.2,0.3,0.3,0.2,0.8,0.8,0.0,1.0,0.0,0.0,0.0,2.1,2.42,2.1,0.0,0.0,2.19,0.02,0.0,0.1,0.1,0.2,0.2,0.2,0.1,0.1,0.2,0.2,0.3
2026-05-16T04:10:06,BAD01,0,Normal,0.9889,0.0,3.1267,3.16,3.11,189.613297,192.241058,187.78067,0.3,0.4,0.4,0.4,1.2,1.2,0.0,0.0,0.0,0.0,14.7,3.16,3.1,3.16,4.9,2.6,2.7933,-0.0333,0.0,0.1,0.1,0.2,0.2,0.2,0.1,0.1,0.2,0.2,0.3
2026-05-16T04:10:06,THA01,0,Normal,0.9982,0.0,2.1267,2.14,2.1,54.773014,56.804199,51.562546,0.3,0.4,0.4,0.4,1.2,1.2,0.0,1.0,0.0,0.0,0.0,2.1,2.42,2.1,0.0,0.0,2.19,0.0267,0.0,0.1,0.1,0.2,0.2,0.2,0.1,0.1,0.2,0.2,0.3
2026-05-16T05:10:34,BAD01,0,Normal,0.9889,0.0,3.11,3.16,3.06,188.162643,192.241058,183.491699,0.4,0.5,0.6,0.5,1.4,1.4,0.0,0.0,0.0,0.0,14.7,3.16,3.1,3.16,4.9,2.6,2.7933,-0.05,0.0,0.1,0.1,0.2,0.2,0.2,0.1,0.1,0.2,0.2,0.3
2026-05-16T05:10:34,THA01,0,Normal,0.9982,0.0,2.1325,2.15,2.1,55.036018,57.257259,51.562546,0.4,0.5,0.6,0.5,1.4,1.4,0.0,1.0,0.0,0.0,0.0,2.1,2.42,2.1,0.0,0.0,2.19,0.0325,0.0,0.1,0.1,0.2,0.2,0.2,0.1,0.1,0.2,0.2,0.3
2026-05-16T06:56:02,BAD01,0,Normal,0.9893,0.75,3.092,3.16,3.02,186.602859,192.241058,180.081909,0.5,0.8,0.8,0.9,2.6,2.6,0.0,0.0,0.0,0.0,14.7,3.16,3.1,3.16,4.9,2.6,2.7933,-0.068,0.75,0.1,0.1,0.2,0.2,0.2,0.1,0.1,0.2,0.2,0.3
2026-05-16T06:56:02,THA01,0,Normal,0.9982,0.0,2.12,2.15,2.07,54.469879,57.257259,50.225983,0.5,0.8,0.8,0.9,2.6,2.6,0.0,1.0,0.0,0.0,0.0,2.1,2.42,2.1,0.0,0.0,2.19,0.02,0.0,0.1,0.1,0.2,0.2,0.2,0.1,0.1,0.2,0.2,0.3
2026-05-16T10:31:18,BAD01,0,Normal,0.9893,0.75,3.0633,3.16,2.92,184.124008,192.241058,171.641617,0.6,1.0,1.0,1.4,2.9,2.9,0.0,0.0,0.0,0.0,14.7,3.16,3.1,3.16,4.9,2.6,2.7933,-0.0967,0.75,0.1,0.1,0.2,0.2,0.2,0.1,0.1,0.2,0.2,0.3
2026-05-16T10:31:18,THA01,0,Normal,0.9982,1.3,2.105,2.15,2.03,53.79385,57.257259,48.468628,0.6,1.0,1.0,1.4,2.9,2.9,0.0,1.0,0.0,0.0,0.0,2.1,2.42,2.1,0.0,0.0,2.19,0.005,1.3,0.1,0.1,0.2,0.2,0.2,0.1,0.1,0.2,0.2,0.3
2026-05-16T13:04:05,BAD01,0,Normal,0.9911,0.75,3.0343,3.16,2.86,181.629471,192.241058,166.63591,0.7,1.1,1.2,1.6,3.0,3.0,0.0,0.0,0.0,0.0,14.7,3.16,3.1,3.16,4.9,2.6,2.7933,-0.1257,0.75,0.1,0.1,0.2,0.2,0.2,0.1,0.1,0.2,0.2,0.3
2026-05-16T13:04:05,THA01,0,Normal,0.9982,3.4,2.0943,2.15,2.03,53.313843,57.257259,48.468628,0.7,1.1,1.2,1.6,3.0,3.0,0.0,1.0,0.0,0.0,0.0,2.1,2.42,2.1,0.0,0.0,2.19,-0.0057,3.4,0.1,0.1,0.2,0.2,0.2,0.1,0.1,0.2,0.2,0.3
2026-05-16T14:46:23,BAD01,0,Normal,0.9911,0.75,3.0062,3.16,2.81,179.222198,192.241058,162.498459,0.9,1.4,1.3,1.7,3.1,3.1,0.0,0.0,0.0,0.0,14.7,3.16,3.1,3.16,4.9,2.6,2.7933,-0.1538,0.75,0.1,0.1,0.2,0.2,0.2,0.1,0.1,0.2,0.2,0.3
2026-05-16T14:46:23,THA01,0,Normal,0.9982,5.2,2.0863,2.15,2.03,52.956173,57.257259,48.468628,0.9,1.4,1.3,1.7,3.1,3.1,0.0,1.0,0.0,0.0,0.0,2.1,2.42,2.1,0.0,0.0,2.19,-0.0137,5.2,0.1,0.1,0.2,0.2,0.2,0.1,0.1,0.2,0.2,0.3
2026-05-16T16:19:09,BAD01,0,Normal,0.9911,0.75,2.9789,3.16,2.76,176.892792,192.241058,158.392212,1.1,1.6,1.8,2.2,3.3,3.3,0.0,0.0,0.0,0.0,14.7,3.16,3.1,3.16,4.9,2.6,2.7933,-0.1811,0.75,0.1,0.1,0.2,0.2,0.2,0.1,0.1,0.2,0.2,0.3
2026-05-16T16:19:09,THA01,0,Normal,0.9982,5.2,2.0689,2.15,1.93,52.181828,57.257259,44.199474,1.1,1.6,1.8,2.2,3.3,3.3,0.0,1.0,0.0,0.0,0.0,2.1,2.42,2.1,0.0,0.0,2.19,-0.0311,5.2,0.1,0.1,0.2,0.2,0.2,0.1,0.1,0.2,0.2,0.3
2026-05-16T18:16:45,BAD01,0,Normal,0.9911,0.75,2.955,3.16,2.74,174.861084,192.241058,156.75853,1.3,1.8,2.0,2.3,3.4,3.4,0.0,0.0,0.0,0.0,14.7,3.16,3.1,3.16,4.9,2.6,2.7933,-0.205,0.75,0.1,0.1,0.2,0.2,0.2,0.1,0.1,0.2,0.2,0.3
2026-05-16T18:16:45,THA01,0,Normal,0.9982,5.2,2.06,2.15,1.93,51.787659,57.257259,44.199474,1.3,1.8,2.0,2.3,3.4,3.4,0.0,1.0,0.0,0.0,0.0,2.1,2.42,2.1,0.0,0.0,2.19,-0.04,5.2,0.1,0.1,0.2,0.2,0.2,0.1,0.1,0.2,0.2,0.3
2026-05-16T20:13:53,BAD01,0,Normal,0.9911,0.75,2.9318,3.16,2.7,172.895691,192.241058,153.506378,1.3,1.8,2.0,2.3,3.4,3.4,0.0,0.0,0.0,0.0,14.7,3.16,3.1,3.16,4.9,2.6,2.7933,-0.2282,0.75,0.1,0.1,0.2,0.2,0.2,0.1,0.1,0.2,0.2,0.3
2026-05-16T20:13:53,THA01,0,Normal,0.9982,6.7,2.0591,2.15,1.93,51.747871,57.257259,44.199474,1.3,1.8,2.0,2.3,3.4,3.4,0.0,1.0,0.0,0.0,0.0,2.1,2.42,2.1,0.0,0.0,2.19,-0.0409,6.7,0.1,0.1,0.2,0.2,0.2,0.1,0.1,0.2,0.2,0.3
2026-05-16T21:13:08,BAD01,0,Normal,0.9911,0.75,2.91,3.16,2.67,171.055038,192.241058,151.080658,1.3,1.8,2.0,2.3,3.4,3.4,0.0,0.0,0.0,0.0,14.7,3.16,3.1,3.16,4.9,2.6,2.7933,-0.25,0.75,0.1,0.1,0.2,0.2,0.2,0.1,0.1,0.2,0.2,0.3
2026-05-16T21:13:08,THA01,0,Normal,0.9982,6.7,2.0625,2.15,1.93,51.898251,57.257259,44.199474,1.3,1.8,2.0,2.3,3.4,3.4,0.0,1.0,0.0,0.0,0.0,2.1,2.42,2.1,0.0,0.0,2.19,-0.0375,6.7,0.1,0.1,0.2,0.2,0.2,0.1,0.1,0.2,0.2,0.3
2026-05-16T22:09:51,BAD01,0,Normal,0.9911,0.75,2.8915,3.16,2.67,169.497711,192.241058,151.080658,1.3,1.8,2.0,2.3,3.4,3.4,0.0,0.0,0.0,0.0,14.7,3.16,3.1,3.16,4.9,2.6,2.7933,-0.2685,0.75,0.1,0.1,0.2,0.2,0.2,0.1,0.1,0.2,0.2,0.3
2026-05-16T22:09:51,THA01,0,Normal,0.9982,6.7,2.0654,2.15,1.93,52.026665,57.257259,44.199474,1.3,1.8,2.0,2.3,3.4,3.4,0.0,1.0,0.0,0.0,0.0,2.1,2.42,2.1,0.0,0.0,2.19,-0.0346,6.7,0.1,0.1,0.2,0.2,0.2,0.1,0.1,0.2,0.2,0.3
2026-05-16T23:12:05,BAD01,0,Normal,0.9911,0.75,2.8729,3.16,2.63,167.936325,192.241058,147.864395,1.3,1.8,2.0,2.3,3.4,3.4,0.0,0.0,0.0,0.0,14.7,3.16,3.1,3.16,4.9,2.6,2.7933,-0.2871,0.75,0.1,0.1,0.2,0.2,0.2,0.1,0.1,0.2,0.2,0.3
2026-05-16T23:12:05,THA01,0,Normal,0.9982,6.7,2.0686,2.15,1.93,52.168522,57.257259,44.199474,1.3,1.8,2.0,2.3,3.4,3.4,0.0,1.0,0.0,0.0,0.0,2.1,2.42,2.1,0.0,0.0,2.19,-0.0314,6.7,0.1,0.1,0.2,0.2,0.2,0.1,0.1,0.2,0.2,0.3
2026-05-17T00:12:43,BAD01,0,Normal,0.998,0.0,2.63,2.63,2.63,147.954208,147.432175,147.864395,0.0,0.1,0.0,0.0,0.0,0.0,0.0,0.0,0.0,0.0,14.7,3.16,3.1,3.16,4.9,2.6,2.7933,-0.53,0.0,0.1,0.1,0.2,0.2,0.2,0.1,0.1,0.2,0.2,0.3
2026-05-17T00:12:43,THA01,0,Normal,0.9982,5.2,2.12,2.12,2.12,54.469879,55.902546,52.462391,0.0,0.1,0.0,0.0,0.0,0.0,0.0,1.0,0.0,0.0,0.0,2.1,2.42,2.1,0.0,0.0,2.19,0.02,5.2,0.1,0.1,0.2,0.2,0.2,0.1,0.1,0.2,0.2,0.3
2026-05-17T01:21:23,BAD01,0,Normal,0.998,6.1,2.63,2.63,2.63,147.954208,147.432175,147.864395,0.0,0.1,0.0,0.0,0.0,0.0,0.0,0.0,0.0,0.0,0.0,2.63,3.16,2.63,0.0,2.6,2.9633,0.0,6.1,0.0,0.1,0.1,0.2,0.0,0.2,0.0,0.1,0.0,0.2
2026-05-17T01:21:23,THA01,0,Normal,0.9982,11.9,2.12,2.12,2.12,54.469879,55.902546,52.462391,0.0,0.1,0.0,0.0,0.0,0.0,0.0,1.0,5.2,0.0,0.0,2.12,2.1,2.12,1.7333,0.7429,2.2133,0.0,6.7,0.0,0.1,0.1,0.2,0.0,0.2,0.0,0.1,0.0,0.2
2026-05-17T03:05:41,BAD01,0,Normal,0.998,2.1,2.59,2.63,2.51,144.7379,147.432175,138.340836,0.0,0.1,0.0,0.1,0.1,0.1,0.0,0.0,6.1,0.0,0.0,2.63,3.16,2.63,2.0333,3.4714,2.9633,-0.04,-4.0,0.0,0.1,0.1,0.2,0.0,0.2,0.0,0.1,0.0,0.2
2026-05-17T03:05:41,THA01,0,Normal,0.9982,11.9,2.12,2.12,2.12,54.469879,55.902546,52.462391,0.0,0.1,0.0,0.1,0.1,0.1,0.0,1.0,11.9,0.0,0.0,2.12,2.1,2.12,3.9667,1.7,2.2133,0.0,0.0,0.0,0.1,0.1,0.2,0.0,0.2,0.0,0.1,0.0,0.2
2026-05-17T04:00:39,BAD01,0,Normal,0.998,2.1,2.56,2.63,2.47,142.339752,147.432175,135.208694,0.1,0.2,0.1,0.2,0.1,0.1,0.0,0.0,6.1,0.0,0.0,2.63,3.16,2.63,2.0333,3.4714,2.9633,-0.07,-4.0,0.0,0.1,0.1,0.2,0.0,0.2,0.0,0.1,0.0,0.2
2026-05-17T04:00:39,THA01,0,Normal,0.9982,11.9,2.0875,2.12,1.99,53.009754,55.902546,46.73962,0.1,0.2,0.1,0.2,0.1,0.1,0.0,1.0,11.9,0.0,0.0,2.12,2.1,2.12,3.9667,1.7,2.2133,-0.0325,0.0,0.0,0.1,0.1,0.2,0.0,0.2,0.0,0.1,0.0,0.2
2026-05-17T05:06:45,BAD01,0,Normal,0.998,2.1,2.538,2.63,2.45,140.588852,147.432175,133.650681,0.2,0.3,0.2,0.3,0.1,0.1,0.0,0.0,6.1,0.0,0.0,2.63,3.16,2.63,2.0333,3.4714,2.9633,-0.092,-4.0,0.0,0.1,0.1,0.2,0.0,0.2,0.0,0.1,0.0,0.2
2026-05-17T05:06:45,THA01,0,Normal,0.9982,11.9,2.076,2.12,1.99,52.4972,55.902546,46.73962,0.2,0.3,0.2,0.3,0.1,0.1,0.0,1.0,11.9,0.0,0.0,2.12,2.1,2.12,3.9667,1.7,2.2133,-0.044,0.0,0.0,0.1,0.1,0.2,0.0,0.2,0.0,0.1,0.0,0.2
2026-05-17T07:01:24,BAD01,0,Normal,0.998,2.1,2.52,2.63,2.43,139.161179,147.432175,132.098068,0.3,0.4,0.2,0.4,0.1,0.1,0.0,0.0,6.1,0.0,0.0,2.63,3.16,2.63,2.0333,3.4714,2.9633,-0.11,-4.0,0.0,0.1,0.1,0.2,0.0,0.2,0.0,0.1,0.0,0.2
2026-05-17T07:01:24,THA01,0,Normal,0.9982,11.9,2.0733,2.12,1.99,52.377174,55.902546,46.73962,0.3,0.4,0.2,0.4,0.1,0.1,0.0,1.0,11.9,0.0,0.0,2.12,2.1,2.12,3.9667,1.7,2.2133,-0.0467,0.0,0.0,0.1,0.1,0.2,0.0,0.2,0.0,0.1,0.0,0.2
2026-05-17T11:05:44,BAD01,0,Normal,0.998,1.6,2.4971,2.63,2.36,137.351242,147.432175,126.706825,0.4,0.4,0.2,0.4,0.1,0.1,0.0,0.0,6.1,0.0,0.0,2.63,3.16,2.63,2.0333,3.4714,2.9633,-0.1329,-4.5,0.0,0.1,0.1,0.2,0.0,0.2,0.0,0.1,0.0,0.2
2026-05-17T11:05:44,THA01,0,Normal,0.9982,11.9,2.0671,2.12,1.99,52.102005,55.902546,46.73962,0.4,0.4,0.2,0.4,0.1,0.1,0.0,1.0,11.9,0.0,0.0,2.12,2.1,2.12,3.9667,1.7,2.2133,-0.0529,0.0,0.0,0.1,0.1,0.2,0.0,0.2,0.0,0.1,0.0,0.2
2026-05-17T13:32:06,BAD01,0,Normal,0.998,1.6,2.475,2.63,2.32,135.611359,147.432175,123.656418,0.5,0.5,0.2,0.5,0.1,0.1,0.0,0.0,6.1,0.0,0.0,2.63,3.16,2.63,2.0333,3.4714,2.9633,-0.155,-4.5,0.0,0.1,0.1,0.2,0.0,0.2,0.0,0.1,0.0,0.2
2026-05-17T13:32:06,THA01,0,Normal,0.9982,10.3,2.0587,2.12,1.99,51.73019,55.902546,46.73962,0.5,0.5,0.2,0.5,0.1,0.1,0.0,1.0,11.9,0.0,0.0,2.12,2.1,2.12,3.9667,1.7,2.2133,-0.0613,-1.6,0.0,0.1,0.1,0.2,0.0,0.2,0.0,0.1,0.0,0.2
2026-05-17T15:43:38,BAD01,0,Normal,0.998,5.4,2.4556,2.63,2.3,134.0896,147.432175,122.139557,0.7,0.9,0.7,0.5,0.1,0.1,0.0,0.0,6.1,0.0,0.0,2.63,3.16,2.63,2.0333,3.4714,2.9633,-0.1744,-0.7,0.0,0.1,0.1,0.2,0.0,0.2,0.0,0.1,0.0,0.2
2026-05-17T15:43:38,THA01,0,Normal,0.9982,8.5,2.0467,2.12,1.95,51.201027,55.902546,45.039055,0.7,0.9,0.7,0.5,0.1,0.1,0.0,1.0,11.9,0.0,0.0,2.12,2.1,2.12,3.9667,1.7,2.2133,-0.0733,-3.4,0.0,0.1,0.1,0.2,0.0,0.2,0.0,0.1,0.0,0.2
2026-05-17T17:16:53,BAD01,0,Normal,0.998,5.4,2.437,2.63,2.27,132.635468,147.432175,119.874786,0.8,1.0,0.8,0.5,0.2,0.2,0.0,0.0,6.1,0.0,0.0,2.63,3.16,2.63,2.0333,3.4714,2.9633,-0.193,-0.7,0.0,0.1,0.1,0.2,0.0,0.2,0.0,0.1,0.0,0.2
2026-05-17T17:16:53,THA01,0,Normal,0.9982,9.8,2.033,2.12,1.91,50.599766,55.902546,43.367039,0.8,1.0,0.8,0.5,0.2,0.2,0.0,1.0,11.9,0.0,0.0,2.12,2.1,2.12,3.9667,1.7,2.2133,-0.087,-2.1,0.0,0.1,0.1,0.2,0.0,0.2,0.0,0.1,0.0,0.2
2026-05-17T19:43:48,BAD01,0,Normal,0.998,5.4,2.4182,2.63,2.23,131.170593,147.432175,116.874863,0.9,1.0,0.8,0.5,0.2,0.2,0.0,0.0,6.1,0.0,0.0,2.63,3.16,2.63,2.0333,3.4714,2.9633,-0.2118,-0.7,0.0,0.1,0.1,0.2,0.0,0.2,0.0,0.1,0.0,0.2
2026-05-17T19:43:48,THA01,0,Normal,0.9982,8.3,2.0291,2.12,1.91,50.429165,55.902546,43.367039,0.9,1.0,0.8,0.5,0.2,0.2,0.0,1.0,11.9,0.0,0.0,2.12,2.1,2.12,3.9667,1.7,2.2133,-0.0909,-3.6,0.0,0.1,0.1,0.2,0.0,0.2,0.0,0.1,0.0,0.2
2026-05-17T21:15:04,BAD01,0,Normal,0.998,5.4,2.4008,2.63,2.21,129.819214,147.432175,115.383438,0.9,1.0,0.8,0.5,0.2,0.2,0.0,0.0,6.1,0.0,0.0,2.63,3.16,2.63,2.0333,3.4714,2.9633,-0.2292,-0.7,0.0,0.1,0.1,0.2,0.0,0.2,0.0,0.1,0.0,0.2
2026-05-17T21:15:04,THA01,0,Normal,0.9982,10.4,2.0325,2.12,1.91,50.577881,55.902546,43.367039,0.9,1.0,0.8,0.5,0.2,0.2,0.0,1.0,11.9,0.0,0.0,2.12,2.1,2.12,3.9667,1.7,2.2133,-0.0875,-1.5,0.0,0.1,0.1,0.2,0.0,0.2,0.0,0.1,0.0,0.2
2026-05-17T22:10:46,BAD01,0,Normal,0.998,5.4,2.3862,2.63,2.21,128.688553,147.432175,115.383438,0.9,1.0,0.8,0.5,0.2,0.2,0.0,0.0,6.1,0.0,0.0,2.63,3.16,2.63,2.0333,3.4714,2.9633,-0.2438,-0.7,0.0,0.1,0.1,0.2,0.0,0.2,0.0,0.1,0.0,0.2
2026-05-17T22:10:46,THA01,0,Normal,0.9982,10.4,2.0354,2.12,1.91,50.704876,55.902546,43.367039,0.9,1.0,0.8,0.5,0.2,0.2,0.0,1.0,11.9,0.0,0.0,2.12,2.1,2.12,3.9667,1.7,2.2133,-0.0846,-1.5,0.0,0.1,0.1,0.2,0.0,0.2,0.0,0.1,0.0,0.2
2026-05-17T23:13:18,BAD01,0,Normal,0.9981,5.4,2.3679,2.63,2.13,127.275612,147.432175,109.475388,0.9,1.0,0.8,0.5,0.2,0.2,0.0,0.0,6.1,0.0,0.0,2.63,3.16,2.63,2.0333,3.4714,2.9633,-0.2621,-0.7,0.0,0.1,0.1,0.2,0.0,0.2,0.0,0.1,0.0,0.2
2026-05-17T23:13:18,THA01,0,Normal,0.9982,10.4,2.0393,2.12,1.91,50.875877,55.902546,43.367039,0.9,1.0,0.8,0.5,0.2,0.2,0.0,1.0,11.9,0.0,0.0,2.12,2.1,2.12,3.9667,1.7,2.2133,-0.0807,-1.5,0.0,0.1,0.1,0.2,0.0,0.2,0.0,0.1,0.0,0.2
2026-05-18T00:15:30,BAD01,0,Normal,0.9981,5.4,2.13,2.13,2.13,109.345726,108.696701,109.475388,0.0,0.0,0.0,0.0,0.0,0.0,0.0,0.0,6.1,0.0,0.0,2.63,3.16,2.63,2.0333,3.4714,2.9633,-0.5,-0.7,0.0,0.1,0.1,0.2,0.0,0.2,0.0,0.1,0.0,0.2
2026-05-18T00:15:30,THA01,0,Normal,0.9982,10.4,2.09,2.09,2.09,53.121464,54.56126,51.115261,0.0,0.0,0.0,0.0,0.0,0.0,0.0,1.0,11.9,0.0,0.0,2.12,2.1,2.12,3.9667,1.7,2.2133,-0.03,-1.5,0.0,0.1,0.1,0.2,0.0,0.2,0.0,0.1,0.0,0.2
2026-05-18T01:26:21,BAD01,0,Normal,0.9982,4.3,2.09,2.13,2.05,106.413017,108.696701,103.661034,0.0,0.0,0.0,0.0,0.0,0.0,0.0,0.0,5.4,6.1,0.0,2.13,2.63,2.13,3.8333,3.7429,2.64,-0.04,-1.1,0.0,0.0,0.0,0.1,0.0,0.0,0.0,0.0,0.0,0.0
2026-05-18T01:26:21,THA01,0,Normal,0.9982,5.2,2.12,2.15,2.09,54.469879,57.257259,51.115261,0.0,0.0,0.0,0.0,0.0,0.0,0.0,1.0,10.4,11.9,0.0,2.09,2.12,2.09,7.4333,3.1857,2.1033,0.03,-5.2,0.0,0.0,0.0,0.1,0.0,0.0,0.0,0.0,0.0,0.0
2026-05-18T03:10:32,BAD01,0,Normal,0.9982,4.3,2.07,2.13,2.03,104.955742,108.696701,102.222321,0.0,0.0,0.0,0.0,0.0,0.0,0.0,0.0,4.3,6.1,0.0,2.09,2.63,2.13,3.4667,3.5857,2.6267,-0.02,0.0,0.0,0.0,0.0,0.1,0.0,0.0,0.0,0.0,0.0,0.0
2026-05-18T03:10:32,THA01,0,Normal,0.9982,5.2,2.1233,2.15,2.09,54.619095,57.257259,51.115261,0.0,0.0,0.0,0.0,0.0,0.0,0.0,1.0,5.2,11.9,0.0,2.12,2.12,2.15,5.7,2.4429,2.1133,0.0033,0.0,0.0,0.0,0.0,0.1,0.0,0.0,0.0,0.0,0.0,0.0
2026-05-18T04:08:34,BAD01,0,Normal,0.9982,4.3,2.0525,2.13,2.0,103.685631,108.696701,100.075562,0.0,0.1,0.0,0.0,0.0,0.0,0.0,0.0,4.3,6.1,0.0,2.09,2.63,2.13,3.4667,3.5857,2.6267,-0.0375,0.0,0.0,0.0,0.0,0.1,0.0,0.0,0.0,0.0,0.0,0.0
2026-05-18T04:08:34,THA01,0,Normal,0.9982,5.2,2.1175,2.15,2.09,54.356953,57.257259,51.115261,0.0,0.1,0.0,0.0,0.0,0.0,0.0,1.0,5.2,11.9,0.0,2.12,2.12,2.15,5.7,2.4429,2.1133,-0.0025,0.0,0.0,0.0,0.0,0.1,0.0,0.0,0.0,0.0,0.0,0.0
2026-05-18T05:12:49,BAD01,0,Normal,0.9982,4.3,2.036,2.13,1.97,102.492393,108.696701,97.942459,0.0,0.2,0.0,0.0,0.0,0.0,0.0,0.0,4.3,6.1,0.0,2.09,2.63,2.13,3.4667,3.5857,2.6267,-0.054,0.0,0.0,0.0,0.0,0.1,0.0,0.0,0.0,0.0,0.0,0.0
2026-05-18T05:12:49,THA01,0,Normal,0.9982,5.2,2.102,2.15,2.04,53.659081,57.257259,48.905315,0.0,0.2,0.0,0.0,0.0,0.0,0.0,1.0,5.2,11.9,0.0,2.12,2.12,2.15,5.7,2.4429,2.1133,-0.018,0.0,0.0,0.0,0.0,0.1,0.0,0.0,0.0,0.0,0.0,0.0
2026-05-18T07:21:45,BAD01,0,Normal,0.9982,4.3,2.02,2.13,1.94,101.339317,108.696701,95.823135,0.0,0.3,0.0,0.0,0.0,0.0,0.0,0.0,4.3,6.1,0.0,2.09,2.63,2.13,3.4667,3.5857,2.6267,-0.07,0.0,0.0,0.0,0.0,0.1,0.0,0.0,0.0,0.0,0.0,0.0
2026-05-18T07:21:45,THA01,0,Normal,0.9982,5.2,2.0683,2.15,1.9,52.155212,57.257259,42.953506,0.0,0.3,0.0,0.0,0.0,0.0,0.0,1.0,5.2,11.9,0.0,2.12,2.12,2.15,5.7,2.4429,2.1133,-0.0517,0.0,0.0,0.0,0.0,0.1,0.0,0.0,0.0,0.0,0.0,0.0
2026-05-18T12:10:33,BAD01,0,Normal,0.9982,3.8,1.9914,2.13,1.82,99.288063,108.696701,87.486122,0.1,0.3,0.0,0.0,0.0,0.0,0.0,0.0,4.3,6.1,0.0,2.09,2.63,2.13,3.4667,3.5857,2.6267,-0.0986,-0.5,0.0,0.0,0.0,0.1,0.0,0.0,0.0,0.0,0.0,0.0
2026-05-18T12:10:33,THA01,0,Normal,0.9982,14.6,2.0186,2.15,1.72,49.971092,57.257259,35.818054,0.1,0.3,0.0,0.0,0.0,0.0,0.0,1.0,5.2,11.9,0.0,2.12,2.12,2.15,5.7,2.4429,2.1133,-0.1014,9.4,0.0,0.0,0.0,0.1,0.0,0.0,0.0,0.0,0.0,0.0
2026-05-18T16:20:15,BAD01,0,Normal,0.9982,0.0,1.9675,2.13,1.8,97.583679,108.696701,86.11882,0.3,0.5,0.1,0.0,0.1,0.1,0.0,0.0,4.3,6.1,0.0,2.09,2.63,2.13,3.4667,3.5857,2.6267,-0.1225,-4.3,0.0,0.0,0.0,0.1,0.0,0.0,0.0,0.0,0.0,0.0
2026-05-18T16:20:15,THA01,0,Normal,0.9982,15.7,1.9788,2.15,1.7,48.251175,57.257259,35.061508,0.3,0.5,0.1,0.0,0.1,0.1,0.0,1.0,5.2,11.9,0.0,2.12,2.12,2.15,5.7,2.4429,2.1133,-0.1412,10.5,0.0,0.0,0.0,0.1,0.0,0.0,0.0,0.0,0.0,0.0
2026-05-18T20:16:34,BAD01,0,Normal,0.9982,0.0,1.9489,2.13,1.8,96.263451,108.696701,86.11882,0.4,0.6,0.1,0.0,0.1,0.1,0.0,0.0,4.3,6.1,0.0,2.09,2.63,2.13,3.4667,3.5857,2.6267,-0.1411,-4.3,0.0,0.0,0.0,0.1,0.0,0.0,0.0,0.0,0.0,0.0
2026-05-18T20:16:34,THA01,0,Normal,0.9982,18.9,1.9644,2.15,1.7,47.635303,57.257259,35.061508,0.4,0.6,0.1,0.0,0.1,0.1,0.0,1.0,5.2,11.9,0.0,2.12,2.12,2.15,5.7,2.4429,2.1133,-0.1556,13.7,0.0,0.0,0.0,0.1,0.0,0.0,0.0,0.0,0.0,0.0
2026-05-18T23:18:44,BAD01,0,Normal,0.9982,0.0,1.934,2.13,1.8,95.209785,108.696701,86.11882,0.4,0.6,0.1,0.0,0.1,0.1,0.0,0.0,4.3,6.1,0.0,2.09,2.63,2.13,3.4667,3.5857,2.6267,-0.156,-4.3,0.0,0.0,0.0,0.1,0.0,0.0,0.0,0.0,0.0,0.0
2026-05-18T23:18:44,THA01,0,Normal,0.9982,16.799999,1.954,2.15,1.7,47.192635,57.257259,35.061508,0.4,0.6,0.1,0.0,0.1,0.1,0.0,1.0,5.2,11.9,0.0,2.12,2.12,2.15,5.7,2.4429,2.1133,-0.166,11.6,0.0,0.0,0.0,0.1,0.0,0.0,0.0,0.0,0.0,0.0
2026-05-19T01:49:58,BAD01,0,Normal,0.9982,0.0,1.7,1.7,1.7,79.134071,78.461174,79.379906,0.1,0.2,0.0,0.0,0.0,0.0,0.0,0.0,4.3,6.1,0.0,2.09,2.63,2.13,3.4667,3.5857,2.6267,-0.39,-4.3,0.0,0.0,0.0,0.1,0.0,0.0,0.0,0.0,0.0,0.0
2026-05-19T01:49:58,THA01,0,Normal,0.9982,18.6,1.8,1.8,1.8,40.84779,42.299755,38.917038,0.1,0.2,0.0,0.0,0.0,0.0,0.0,1.0,5.2,11.9,0.0,2.12,2.12,2.15,5.7,2.4429,2.1133,-0.32,13.4,0.0,0.0,0.0,0.1,0.0,0.0,0.0,0.0,0.0,0.0
2026-05-19T03:22:33,BAD01,0,Normal,0.9982,0.0,1.695,1.7,1.69,78.800514,78.461174,78.715096,0.2,0.3,0.0,0.1,0.0,0.0,0.0,0.0,0.0,4.3,6.1,1.7,2.09,1.7,3.4667,3.5857,2.14,-0.005,0.0,0.1,0.0,0.2,0.0,0.0,0.0,0.0,0.0,0.0,0.0
2026-05-19T03:22:33,THA01,0,Normal,0.9983,21.4,1.775,1.8,1.75,39.855221,42.299755,36.966545,0.2,0.3,0.0,0.1,0.0,0.0,0.0,1.0,18.6,5.2,11.9,1.8,2.12,1.8,11.9,5.1,2.0133,-0.025,2.8,0.1,0.0,0.2,0.0,0.0,0.0,0.0,0.0,0.0,0.0
2026-05-19T05:18:39,BAD01,0,Normal,0.9982,0.0,1.6933,1.7,1.69,78.687195,78.461174,78.715096,0.3,0.4,0.0,0.1,0.1,0.1,0.0,0.0,0.0,4.3,6.1,1.7,2.09,1.7,3.4667,3.5857,2.14,-0.0067,0.0,0.1,0.0,0.2,0.0,0.0,0.0,0.0,0.0,0.0,0.0
2026-05-19T05:18:39,THA01,0,Normal,0.9983,24.299999,1.7567,1.8,1.72,39.135349,42.299755,35.818054,0.3,0.4,0.0,0.1,0.1,0.1,0.0,1.0,18.6,5.2,11.9,1.8,2.12,1.8,11.9,5.1,2.0133,-0.0433,5.7,0.1,0.0,0.2,0.0,0.0,0.0,0.0,0.0,0.0,0.0
2026-05-19T10:17:51,BAD01,0,Normal,0.9982,0.0,1.67,1.7,1.6,77.13913,78.461174,72.807678,0.4,0.5,0.1,0.2,0.2,0.2,0.0,0.0,0.0,4.3,6.1,1.7,2.09,1.7,3.4667,3.5857,2.14,-0.03,0.0,0.1,0.0,0.2,0.0,0.0,0.0,0.0,0.0,0.0,0.0
2026-05-19T10:17:51,THA01,0,Normal,0.9983,25.5,1.7475,1.8,1.72,38.775585,42.299755,35.818054,0.4,0.5,0.1,0.2,0.2,0.2,0.0,1.0,18.6,5.2,11.9,1.8,2.12,1.8,11.9,5.1,2.0133,-0.0525,6.9,0.1,0.0,0.2,0.0,0.0,0.0,0.0,0.0,0.0,0.0
2026-05-19T14:18:49,BAD01,0,Normal,0.9982,1.6,1.644,1.7,1.54,75.422707,78.461174,68.94677,0.9,0.5,0.1,0.3,0.2,0.2,0.0,0.0,0.0,4.3,6.1,1.7,2.09,1.7,3.4667,3.5857,2.14,-0.056,1.6,0.1,0.0,0.2,0.0,0.0,0.0,0.0,0.0,0.0,0.0
2026-05-19T14:18:49,THA01,0,Normal,0.9983,14.8,1.738,1.8,1.7,38.405594,42.299755,35.061508,0.9,0.5,0.1,0.3,0.2,0.2,0.0,1.0,18.6,5.2,11.9,1.8,2.12,1.8,11.9,5.1,2.0133,-0.062,-3.8,0.1,0.0,0.2,0.0,0.0,0.0,0.0,0.0,0.0,0.0
2026-05-19T18:00:52,BAD01,0,Normal,0.9982,1.6,1.6267,1.7,1.54,74.287125,78.461174,68.94677,1.4,0.5,0.1,0.4,0.2,0.2,0.0,0.0,0.0,4.3,6.1,1.7,2.09,1.7,3.4667,3.5857,2.14,-0.0733,1.6,0.1,0.0,0.2,0.0,0.0,0.0,0.0,0.0,0.0,0.0
2026-05-19T18:00:52,THA01,0,Normal,0.9983,13.7,1.73,1.8,1.69,38.095211,42.299755,34.685974,1.4,0.5,0.1,0.4,0.2,0.2,0.0,1.0,18.6,5.2,11.9,1.8,2.12,1.8,11.9,5.1,2.0133,-0.07,-4.9,0.1,0.0,0.2,0.0,0.0,0.0,0.0,0.0,0.0,0.0
2026-05-19T21:34:10,BAD01,0,Normal,0.9982,2.85,1.6086,1.7,1.5,73.10463,78.461174,66.408028,1.5,0.5,0.1,0.4,0.2,0.2,0.0,0.0,0.0,4.3,6.1,1.7,2.09,1.7,3.4667,3.5857,2.14,-0.0914,2.85,0.1,0.0,0.2,0.0,0.0,0.0,0.0,0.0,0.0,0.0
2026-05-19T21:34:10,THA01,0,Normal,0.9983,9.7,1.7186,1.8,1.65,37.654797,42.299755,33.202156,1.5,0.5,0.1,0.4,0.2,0.2,0.0,1.0,18.6,5.2,11.9,1.8,2.12,1.8,11.9,5.1,2.0133,-0.0814,-8.9,0.1,0.0,0.2,0.0,0.0,0.0,0.0,0.0,0.0,0.0
2026-05-19T23:58:36,BAD01,0,Normal,0.9982,4.55,1.59,1.7,1.46,71.89547,78.461174,63.897934,1.6,0.6,0.2,0.4,0.2,0.2,0.0,0.0,0.0,4.3,6.1,1.7,2.09,1.7,3.4667,3.5857,2.14,-0.11,4.55,0.1,0.0,0.2,0.0,0.0,0.0,0.0,0.0,0.0,0.0
2026-05-19T23:58:36,THA01,0,Normal,0.9983,9.7,1.7062,1.8,1.62,37.178257,42.299755,32.108574,1.6,0.6,0.2,0.4,0.2,0.2,0.0,1.0,18.6,5.2,11.9,1.8,2.12,1.8,11.9,5.1,2.0133,-0.0938,-8.9,0.1,0.0,0.2,0.0,0.0,0.0,0.0,0.0,0.0,0.0
2026-05-20T01:51:03,BAD01,0,Normal,0.9982,4.55,1.44,1.44,1.44,62.37167,61.723686,62.653767,0.1,0.0,0.1,0.0,0.0,0.0,0.0,0.0,0.0,4.3,6.1,1.7,2.09,1.7,3.4667,3.5857,2.14,-0.26,4.55,0.1,0.0,0.2,0.0,0.0,0.0,0.0,0.0,0.0,0.0
2026-05-20T01:51:03,THA01,0,Normal,0.9983,7.9,1.6,1.6,1.6,33.204762,34.607697,31.388729,0.1,0.0,0.1,0.0,0.0,0.0,0.0,1.0,18.6,5.2,11.9,1.8,2.12,1.8,11.9,5.1,2.0133,-0.2,-10.7,0.1,0.0,0.2,0.0,0.0,0.0,0.0,0.0,0.0,0.0
2026-05-20T03:31:07,BAD01,0,Normal,0.9983,4.55,1.42,1.44,1.4,61.133137,61.723686,60.187492,0.1,0.1,0.1,0.0,0.0,0.0,0.0,0.0,4.55,0.0,4.3,1.44,1.7,1.44,2.95,4.2357,1.7433,-0.02,0.0,0.1,0.1,0.0,0.2,0.1,0.0,0.0,0.0,0.0,0.0
2026-05-20T03:31:07,THA01,0,Normal,0.9983,7.9,1.6,1.6,1.6,33.204762,34.607697,31.388729,0.1,0.1,0.1,0.0,0.0,0.0,0.0,1.0,7.9,18.6,5.2,1.6,1.8,1.6,10.5667,6.2286,1.84,0.0,0.0,0.1,0.1,0.0,0.2,0.1,0.0,0.0,0.0,0.0,0.0
2026-05-20T05:17:12,BAD01,0,Normal,0.9983,4.55,1.41,1.44,1.39,60.516701,61.723686,59.575565,0.2,0.2,0.2,0.2,0.1,0.1,0.0,0.0,4.55,0.0,4.3,1.44,1.7,1.44,2.95,4.2357,1.7433,-0.03,0.0,0.1,0.1,0.0,0.2,0.1,0.0,0.0,0.0,0.0,0.0
2026-05-20T05:17:12,THA01,0,Normal,0.9983,2.2,1.6067,1.62,1.6,33.449707,35.348091,31.388729,0.2,0.2,0.2,0.2,0.1,0.1,0.0,1.0,7.9,18.6,5.2,1.6,1.8,1.6,10.5667,6.2286,1.84,0.0067,-5.7,0.1,0.1,0.0,0.2,0.1,0.0,0.0,0.0,0.0,0.0
2026-05-20T10:24:57,BAD01,0,Normal,0.9983,4.55,1.3925,1.44,1.34,59.442497,61.723686,56.544128,0.2,0.2,0.2,0.3,0.2,0.2,0.0,0.0,4.55,0.0,4.3,1.44,1.7,1.44,2.95,4.2357,1.7433,-0.0475,0.0,0.1,0.1,0.0,0.2,0.1,0.0,0.0,0.0,0.0,0.0
2026-05-20T10:24:57,THA01,0,Normal,0.9983,3.9,1.6175,1.65,1.6,33.846172,36.470795,31.388729,0.2,0.2,0.2,0.3,0.2,0.2,0.0,1.0,7.9,18.6,5.2,1.6,1.8,1.6,10.5667,6.2286,1.84,0.0175,-4.0,0.1,0.1,0.0,0.2,0.1,0.0,0.0,0.0,0.0,0.0
2026-05-20T14:14:50,BAD01,0,Normal,0.9983,2.95,1.37,1.44,1.28,58.069969,61.723686,52.969551,0.4,0.4,0.5,0.5,0.3,0.3,0.0,0.0,4.55,0.0,4.3,1.44,1.7,1.44,2.95,4.2357,1.7433,-0.07,-1.6,0.1,0.1,0.0,0.2,0.1,0.0,0.0,0.0,0.0,0.0
2026-05-20T14:14:50,THA01,0,Normal,0.9983,5.5,1.62,1.65,1.6,33.938236,36.470795,31.388729,0.4,0.4,0.5,0.5,0.3,0.3,0.0,1.0,7.9,18.6,5.2,1.6,1.8,1.6,10.5667,6.2286,1.84,0.02,-2.4,0.1,0.1,0.0,0.2,0.1,0.0,0.0,0.0,0.0,0.0
2026-05-20T17:08:09,BAD01,0,Normal,0.9983,2.95,1.355,1.44,1.28,57.160362,61.723686,52.969551,0.5,0.5,0.6,0.7,0.4,0.4,0.0,0.0,4.55,0.0,4.3,1.44,1.7,1.44,2.95,4.2357,1.7433,-0.085,-1.6,0.1,0.1,0.0,0.2,0.1,0.0,0.0,0.0,0.0,0.0
2026-05-20T17:08:09,THA01,0,Normal,0.9983,5.5,1.6217,1.65,1.6,34.0009,36.470795,31.388729,0.5,0.5,0.6,0.7,0.4,0.4,0.0,1.0,7.9,18.6,5.2,1.6,1.8,1.6,10.5667,6.2286,1.84,0.0217,-2.4,0.1,0.1,0.0,0.2,0.1,0.0,0.0,0.0,0.0,0.0
2026-05-20T19:49:19,BAD01,0,Normal,0.9983,2.95,1.3443,1.44,1.28,56.514172,61.723686,52.969551,0.5,0.6,0.6,0.7,0.5,0.5,0.0,0.0,4.55,0.0,4.3,1.44,1.7,1.44,2.95,4.2357,1.7433,-0.0957,-1.6,0.1,0.1,0.0,0.2,0.1,0.0,0.0,0.0,0.0,0.0
2026-05-20T19:49:19,THA01,0,Normal,0.9983,5.5,1.6186,1.65,1.6,33.886669,36.470795,31.388729,0.5,0.6,0.6,0.7,0.5,0.5,0.0,1.0,7.9,18.6,5.2,1.6,1.8,1.6,10.5667,6.2286,1.84,0.0186,-2.4,0.1,0.1,0.0,0.2,0.1,0.0,0.0,0.0,0.0,0.0
2026-05-20T23:15:50,BAD01,0,Normal,0.9983,1.7,1.335,1.44,1.27,55.954342,61.723686,52.380604,0.5,0.6,0.7,0.8,0.8,0.8,0.0,0.0,4.55,0.0,4.3,1.44,1.7,1.44,2.95,4.2357,1.7433,-0.105,-2.85,0.1,0.1,0.0,0.2,0.1,0.0,0.0,0.0,0.0,0.0
2026-05-20T23:15:50,THA01,0,Normal,0.9983,5.0,1.615,1.65,1.59,33.754219,36.470795,31.031576,0.5,0.6,0.7,0.8,0.8,0.8,0.0,1.0,7.9,18.6,5.2,1.6,1.8,1.6,10.5667,6.2286,1.84,0.015,-2.9,0.1,0.1,0.0,0.2,0.1,0.0,0.0,0.0,0.0,0.0
2026-05-21T02:25:06,BAD01,0,Normal,0.9983,0.0,1.22,1.22,1.22,49.173527,48.57021,49.465591,0.1,0.1,0.0,0.0,0.0,0.0,0.0,0.0,4.55,0.0,4.3,1.44,1.7,1.44,2.95,4.2357,1.7433,-0.22,-4.55,0.1,0.1,0.0,0.2,0.1,0.0,0.0,0.0,0.0,0.0
2026-05-21T02:25:06,THA01,0,Normal,0.9983,5.0,1.57,1.57,1.57,32.117538,33.509277,30.322819,0.1,0.1,0.0,0.0,0.0,0.0,0.0,1.0,7.9,18.6,5.2,1.6,1.8,1.6,10.5667,6.2286,1.84,-0.03,-2.9,0.1,0.1,0.0,0.2,0.1,0.0,0.0,0.0,0.0,0.0
2026-05-21T04:30:22,BAD01,0,Normal,0.9983,0.25,1.185,1.22,1.15,47.163143,48.57021,45.46954,0.1,0.2,0.1,0.2,0.6,0.6,0.0,0.0,4.55,0.0,4.3,1.44,1.7,1.44,2.95,4.2357,1.7433,-0.255,-4.3,0.1,0.1,0.0,0.2,0.1,0.0,0.0,0.0,0.0,0.0
2026-05-21T04:30:22,THA01,0,Normal,0.9983,5.0,1.56,1.57,1.55,31.758606,33.509277,29.621475,0.1,0.2,0.1,0.2,0.6,0.6,0.0,1.0,7.9,18.6,5.2,1.6,1.8,1.6,10.5667,6.2286,1.84,-0.04,-2.9,0.1,0.1,0.0,0.2,0.1,0.0,0.0,0.0,0.0,0.0
2026-05-21T07:18:55,BAD01,0,Normal,0.9983,1.25,1.1733,1.22,1.15,46.496792,48.57021,45.46954,0.1,0.3,0.3,0.4,1.4,1.4,0.0,0.0,4.55,0.0,4.3,1.44,1.7,1.44,2.95,4.2357,1.7433,-0.2667,-3.3,0.1,0.1,0.0,0.2,0.1,0.0,0.0,0.0,0.0,0.0
2026-05-21T07:18:55,THA01,0,Normal,0.9983,3.5,1.55,1.57,1.53,31.401415,33.509277,28.927559,0.1,0.3,0.3,0.4,1.4,1.4,0.0,1.0,7.9,18.6,5.2,1.6,1.8,1.6,10.5667,6.2286,1.84,-0.05,-4.4,0.1,0.1,0.0,0.2,0.1,0.0,0.0,0.0,0.0,0.0
2026-05-21T12:08:18,BAD01,0,Normal,0.9983,1.25,1.16,1.22,1.12,45.742809,48.57021,43.788029,0.1,0.3,0.3,0.4,1.5,1.5,0.0,0.0,4.55,0.0,4.3,1.44,1.7,1.44,2.95,4.2357,1.7433,-0.28,-3.3,0.1,0.1,0.0,0.2,0.1,0.0,0.0,0.0,0.0,0.0
2026-05-21T12:08:18,THA01,0,Normal,0.9983,4.6,1.54,1.57,1.51,31.045969,33.509277,28.241089,0.1,0.3,0.3,0.4,1.5,1.5,0.0,1.0,7.9,18.6,5.2,1.6,1.8,1.6,10.5667,6.2286,1.84,-0.06,-3.3,0.1,0.1,0.0,0.2,0.1,0.0,0.0,0.0,0.0,0.0
2026-05-21T15:56:26,BAD01,0,Normal,0.9983,1.25,1.144,1.22,1.08,44.840729,48.57021,41.575718,0.2,0.4,0.4,0.5,1.6,1.6,0.0,0.0,4.55,0.0,4.3,1.44,1.7,1.44,2.95,4.2357,1.7433,-0.296,-3.3,0.1,0.1,0.0,0.2,0.1,0.0,0.0,0.0,0.0,0.0
2026-05-21T15:56:26,THA01,0,Normal,0.9983,2.5,1.536,1.57,1.51,30.90428,33.509277,28.241089,0.2,0.4,0.4,0.5,1.6,1.6,0.0,1.0,7.9,18.6,5.2,1.6,1.8,1.6,10.5667,6.2286,1.84,-0.064,-5.4,0.1,0.1,0.0,0.2,0.1,0.0,0.0,0.0,0.0,0.0
2026-05-21T19:19:10,BAD01,0,Normal,0.9983,1.25,1.15,1.22,1.08,45.178371,48.57021,41.575718,0.3,0.6,0.8,0.6,1.6,1.6,0.0,0.0,4.55,0.0,4.3,1.44,1.7,1.44,2.95,4.2357,1.7433,-0.29,-3.3,0.1,0.1,0.0,0.2,0.1,0.0,0.0,0.0,0.0,0.0
2026-05-21T19:19:10,THA01,0,Normal,0.9983,8.4,1.5383,1.57,1.51,30.985716,33.509277,28.241089,0.3,0.6,0.8,0.6,1.6,1.6,0.0,1.0,7.9,18.6,5.2,1.6,1.8,1.6,10.5667,6.2286,1.84,-0.0617,0.5,0.1,0.1,0.0,0.2,0.1,0.0,0.0,0.0,0.0,0.0
2026-05-21T22:51:45,BAD01,0,Normal,0.9982,3.95,1.1614,1.23,1.08,45.822002,49.146748,41.575718,0.4,0.7,0.9,0.8,1.8,1.8,0.0,0.0,4.55,0.0,4.3,1.44,1.7,1.44,2.95,4.2357,1.7433,-0.2786,-0.6,0.1,0.1,0.0,0.2,0.1,0.0,0.0,0.0,0.0,0.0
2026-05-21T22:51:45,THA01,0,Normal,0.9983,8.4,1.5471,1.6,1.51,31.298157,34.607697,28.241089,0.4,0.7,0.9,0.8,1.8,1.8,0.0,1.0,7.9,18.6,5.2,1.6,1.8,1.6,10.5667,6.2286,1.84,-0.0529,0.5,0.1,0.1,0.0,0.2,0.1,0.0,0.0,0.0,0.0,0.0
2026-05-22T01:00:24,BAD01,0,Normal,0.9983,3.95,1.23,1.23,1.23,49.752567,49.146748,50.044598,0.0,0.0,0.0,0.0,0.2,0.2,0.0,0.0,4.55,0.0,4.3,1.44,1.7,1.44,2.95,4.2357,1.7433,-0.21,-0.6,0.1,0.1,0.0,0.2,0.1,0.0,0.0,0.0,0.0,0.0
2026-05-22T01:00:24,THA01,0,Normal,0.9983,10.5,1.56,1.56,1.56,31.758606,33.146397,29.971218,0.0,0.0,0.0,0.0,0.2,0.2,0.0,1.0,7.9,18.6,5.2,1.6,1.8,1.6,10.5667,6.2286,1.84,-0.04,2.6,0.1,0.1,0.0,0.2,0.1,0.0,0.0,0.0,0.0,0.0
2026-05-22T02:48:40,BAD01,0,Normal,0.9982,3.95,1.23,1.23,1.23,49.752567,49.146748,50.044598,0.1,0.2,0.7,0.7,0.8,0.8,0.0,0.0,3.95,4.55,0.0,1.23,1.44,1.23,2.8333,2.7,1.4567,0.0,0.0,0.0,0.1,0.0,0.0,0.0,0.1,0.0,0.0,0.2,0.0
2026-05-22T02:48:40,THA01,0,Normal,0.9983,13.6,1.55,1.56,1.54,31.401415,33.146397,29.273586,0.1,0.2,0.7,0.7,0.8,0.8,0.0,1.0,10.5,7.9,18.6,1.56,1.6,1.56,12.3333,7.7286,1.6533,-0.01,3.1,0.0,0.1,0.0,0.0,0.0,0.1,0.0,0.0,0.2,0.0
2026-05-22T04:23:06,BAD01,0,Normal,0.9982,3.7,1.2367,1.25,1.23,50.14167,50.306091,50.044598,0.1,0.3,0.9,1.0,1.1,1.1,0.0,0.0,3.95,4.55,0.0,1.23,1.44,1.23,2.8333,2.7,1.4567,0.0067,-0.25,0.0,0.1,0.0,0.0,0.0,0.1,0.0,0.0,0.2,0.0
2026-05-22T04:23:06,THA01,0,Normal,0.9983,19.200001,1.5833,1.65,1.54,32.597614,36.470795,29.273586,0.1,0.3,0.9,1.0,1.1,1.1,0.0,1.0,10.5,7.9,18.6,1.56,1.6,1.56,12.3333,7.7286,1.6533,0.0233,8.7,0.0,0.1,0.0,0.0,0.0,0.1,0.0,0.0,0.2,0.0
2026-05-22T07:19:56,BAD01,0,Normal,0.9982,3.2,1.2525,1.3,1.23,51.062881,53.240574,50.044598,0.1,0.3,0.9,1.0,1.1,1.1,0.0,0.0,3.95,4.55,0.0,1.23,1.44,1.23,2.8333,2.7,1.4567,0.0225,-0.75,0.0,0.1,0.0,0.0,0.0,0.1,0.0,0.0,0.2,0.0
2026-05-22T07:19:56,THA01,0,Normal,0.9983,33.5,1.7125,2.1,1.54,37.42004,55.006859,29.273586,0.1,0.3,0.9,1.0,1.1,1.1,0.0,1.0,10.5,7.9,18.6,1.56,1.6,1.56,12.3333,7.7286,1.6533,0.1525,23.0,0.0,0.1,0.0,0.0,0.0,0.1,0.0,0.0,0.2,0.0
2026-05-22T12:05:19,BAD01,0,Normal,0.9982,21.15,1.312,1.55,1.23,54.577084,68.653748,50.044598,0.1,0.3,0.9,1.0,1.2,1.2,0.0,0.0,3.95,4.55,0.0,1.23,1.44,1.23,2.8333,2.7,1.4567,0.082,17.200001,0.0,0.1,0.0,0.0,0.0,0.1,0.0,0.0,0.2,0.0
2026-05-22T12:05:19,THA01,0,Normal,0.9918,44.799999,2.126,3.78,1.54,54.74131,149.764023,29.273586,0.1,0.3,0.9,1.0,1.2,1.2,0.0,1.0,10.5,7.9,18.6,1.56,1.6,1.56,12.3333,7.7286,1.6533,0.566,34.299999,0.0,0.1,0.0,0.0,0.0,0.1,0.0,0.0,0.2,0.0
2026-05-22T15:31:26,BAD01,0,Normal,0.9982,31.75,1.445,2.11,1.23,62.682476,107.224449,50.044598,0.1,0.4,1.0,1.3,1.5,1.5,0.0,0.0,3.95,4.55,0.0,1.23,1.44,1.23,2.8333,2.7,1.4567,0.215,27.799999,0.0,0.1,0.0,0.0,0.0,0.1,0.0,0.0,0.2,0.0
2026-05-22T15:31:26,THA01,0,Normal,0.9912,51.0,2.2883,3.78,1.54,62.303009,149.764023,29.273586,0.1,0.4,1.0,1.3,1.5,1.5,0.0,1.0,10.5,7.9,18.6,1.56,1.6,1.56,12.3333,7.7286,1.6533,0.7283,40.5,0.0,0.1,0.0,0.0,0.0,0.1,0.0,0.0,0.2,0.0
2026-05-22T18:46:39,BAD01,0,Normal,0.9982,33.150002,1.5714,2.33,1.23,70.692436,123.753563,50.044598,0.1,0.4,1.0,1.3,1.5,1.5,0.0,0.0,3.95,4.55,0.0,1.23,1.44,1.23,2.8333,2.7,1.4567,0.3414,29.200001,0.0,0.1,0.0,0.0,0.0,0.1,0.0,0.0,0.2,0.0
2026-05-22T18:46:39,THA01,0,Normal,0.9911,45.099998,2.3186,3.78,1.54,63.761269,149.764023,29.273586,0.1,0.4,1.0,1.3,1.5,1.5,0.0,1.0,10.5,7.9,18.6,1.56,1.6,1.56,12.3333,7.7286,1.6533,0.7586,34.599998,0.0,0.1,0.0,0.0,0.0,0.1,0.0,0.0,0.2,0.0
2026-05-22T21:40:37,BAD01,0,Normal,0.9982,33.150002,1.7025,2.62,1.23,79.30101,146.622528,50.044598,0.1,0.4,1.0,1.3,1.5,1.5,0.0,0.0,3.95,4.55,0.0,1.23,1.44,1.23,2.8333,2.7,1.4567,0.4725,29.200001,0.0,0.1,0.0,0.0,0.0,0.1,0.0,0.0,0.2,0.0
2026-05-22T21:40:37,THA01,0,Normal,0.9911,45.099998,2.3637,3.78,1.54,65.958717,149.764023,29.273586,0.1,0.4,1.0,1.3,1.5,1.5,0.0,1.0,10.5,7.9,18.6,1.56,1.6,1.56,12.3333,7.7286,1.6533,0.8037,34.599998,0.0,0.1,0.0,0.0,0.0,0.1,0.0,0.0,0.2,0.0
2026-05-22T23:55:23,BAD01,0,Normal,0.9982,30.950001,1.8078,2.65,1.23,86.428101,149.055573,50.044598,0.1,0.4,1.0,1.3,1.5,1.5,0.0,0.0,3.95,4.55,0.0,1.23,1.44,1.23,2.8333,2.7,1.4567,0.5778,27.0,0.0,0.1,0.0,0.0,0.0,0.1,0.0,0.0,0.2,0.0
2026-05-22T23:55:23,THA01,0,Normal,0.9911,45.099998,2.2233,3.78,1.1,59.223976,149.764023,15.840028,0.1,0.4,1.0,1.3,1.5,1.5,0.0,1.0,10.5,7.9,18.6,1.56,1.6,1.56,12.3333,7.7286,1.6533,0.6633,34.599998,0.0,0.1,0.0,0.0,0.0,0.1,0.0,0.0,0.2,0.0
2026-05-23T01:55:31,BAD01,0,Normal,0.998,30.950001,2.65,2.65,2.65,149.570374,149.055573,149.469955,0.0,0.0,0.1,0.0,0.0,0.0,0.0,0.0,3.95,4.55,0.0,1.23,1.44,1.23,2.8333,2.7,1.4567,1.42,27.0,0.0,0.1,0.0,0.0,0.0,0.1,0.0,0.0,0.2,0.0
2026-05-23T01:55:31,THA01,0,Normal,0.9982,39.900002,2.51,2.51,2.51,73.30687,74.542007,71.401596,0.0,0.0,0.1,0.0,0.0,0.0,0.0,1.0,10.5,7.9,18.6,1.56,1.6,1.56,12.3333,7.7286,1.6533,0.95,29.4,0.0,0.1,0.0,0.0,0.0,0.1,0.0,0.0,0.2,0.0
2026-05-23T03:19:01,BAD01,0,Normal,0.998,32.049999,2.655,2.66,2.65,149.975235,149.869324,149.469955,0.0,0.1,1.2,0.2,0.4,0.4,0.0,0.0,30.950001,3.95,4.55,2.65,1.23,2.65,13.15,7.1214,1.7733,0.005,1.1,0.0,0.0,0.0,0.0,0.1,0.0,0.0,0.0,0.0,0.2
2026-05-23T03:19:01,THA01,0,Normal,0.9982,39.900002,2.51,2.51,2.51,73.30687,74.542007,71.401596,0.0,0.1,1.2,0.2,0.4,0.4,0.0,1.0,39.900002,10.5,7.9,2.51,1.56,2.51,19.4333,13.4286,1.89,0.0,0.0,0.0,0.0,0.0,0.0,0.1,0.0,0.0,0.0,0.0,0.2
2026-05-23T05:19:42,BAD01,0,Normal,0.998,32.049999,2.6567,2.66,2.65,150.112961,149.869324,149.469955,0.1,0.3,1.4,0.4,0.9,0.9,0.0,0.0,30.950001,3.95,4.55,2.65,1.23,2.65,13.15,7.1214,1.7733,0.0067,1.1,0.0,0.0,0.0,0.0,0.1,0.0,0.0,0.0,0.0,0.2
2026-05-23T05:19:42,THA01,0,Normal,0.9982,34.299999,2.4733,2.51,2.4,71.432137,74.542007,65.793663,0.1,0.3,1.4,0.4,0.9,0.9,0.0,1.0,39.900002,10.5,7.9,2.51,1.56,2.51,19.4333,13.4286,1.89,-0.0367,-5.6,0.0,0.0,0.0,0.0,0.1,0.0,0.0,0.0,0.0,0.2
2026-05-23T09:59:26,BAD01,0,Normal,0.998,29.299999,2.635,2.66,2.57,148.357758,149.869324,143.078964,0.1,0.3,1.4,0.5,1.0,1.0,0.0,0.0,30.950001,3.95,4.55,2.65,1.23,2.65,13.15,7.1214,1.7733,-0.015,-1.65,0.0,0.0,0.0,0.0,0.1,0.0,0.0,0.0,0.0,0.2
2026-05-23T09:59:26,THA01,0,Normal,0.9982,19.200001,2.3625,2.51,2.03,65.899834,74.542007,48.468628,0.1,0.3,1.4,0.5,1.0,1.0,0.0,1.0,39.900002,10.5,7.9,2.51,1.56,2.51,19.4333,13.4286,1.89,-0.1475,-20.700001,0.0,0.0,0.0,0.0,0.1,0.0,0.0,0.0,0.0,0.2
2026-05-23T12:50:11,BAD01,0,Normal,0.998,13.6,2.61,2.66,2.51,146.343384,149.869324,138.340836,0.2,0.4,1.8,0.6,1.1,1.1,0.0,0.0,30.950001,3.95,4.55,2.65,1.23,2.65,13.15,7.1214,1.7733,-0.04,-17.35,0.0,0.0,0.0,0.0,0.1,0.0,0.0,0.0,0.0,0.2
2026-05-23T12:50:11,THA01,0,Normal,0.9982,2.2,2.288,2.51,1.99,62.288647,74.542007,46.73962,0.2,0.4,1.8,0.6,1.1,1.1,0.0,1.0,39.900002,10.5,7.9,2.51,1.56,2.51,19.4333,13.4286,1.89,-0.222,-37.700001,0.0,0.0,0.0,0.0,0.1,0.0,0.0,0.0,0.0,0.2
2026-05-23T16:31:54,BAD01,0,Normal,0.998,3.0,2.5733,2.66,2.39,143.401428,149.869324,129.00914,0.2,0.4,1.8,0.7,1.2,1.2,0.0,0.0,30.950001,3.95,4.55,2.65,1.23,2.65,13.15,7.1214,1.7733,-0.0767,-27.950001,0.0,0.0,0.0,0.0,0.1,0.0,0.0,0.0,0.0,0.2
2026-05-23T16:31:54,THA01,0,Normal,0.9982,0.0,2.2317,2.51,1.95,59.618092,74.542007,45.039055,0.2,0.4,1.8,0.7,1.2,1.2,0.0,1.0,39.900002,10.5,7.9,2.51,1.56,2.51,19.4333,13.4286,1.89,-0.2783,-39.900002,0.0,0.0,0.0,0.0,0.1,0.0,0.0,0.0,0.0,0.2
2026-05-23T19:51:10,BAD01,0,Normal,0.9981,1.6,2.5343,2.66,2.3,140.295013,149.869324,122.139557,0.2,0.4,1.8,0.7,1.2,1.2,0.0,0.0,30.950001,3.95,4.55,2.65,1.23,2.65,13.15,7.1214,1.7733,-0.1157,-29.35,0.0,0.0,0.0,0.0,0.1,0.0,0.0,0.0,0.0,0.2
2026-05-23T19:51:10,THA01,0,Normal,0.9982,0.0,2.19,2.51,1.94,57.672707,74.542007,44.618374,0.2,0.4,1.8,0.7,1.2,1.2,0.0,1.0,39.900002,10.5,7.9,2.51,1.56,2.51,19.4333,13.4286,1.89,-0.32,-39.900002,0.0,0.0,0.0,0.0,0.1,0.0,0.0,0.0,0.0,0.2
2026-05-23T23:16:13,BAD01,0,Normal,0.9981,6.4,2.4938,2.66,2.21,137.091019,149.869324,115.383438,0.2,0.4,1.8,0.7,1.3,1.3,0.0,0.0,30.950001,3.95,4.55,2.65,1.23,2.65,13.15,7.1214,1.7733,-0.1562,-24.549999,0.0,0.0,0.0,0.0,0.1,0.0,0.0,0.0,0.0,0.2
2026-05-23T23:16:13,THA01,0,Normal,0.9982,0.0,2.1512,2.51,1.88,55.887669,74.542007,42.131821,0.2,0.4,1.8,0.7,1.3,1.3,0.0,1.0,39.900002,10.5,7.9,2.51,1.56,2.51,19.4333,13.4286,1.89,-0.3588,-39.900002,0.0,0.0,0.0,0.0,0.1,0.0,0.0,0.0,0.0,0.2
2026-05-24T01:23:11,BAD01,0,Normal,0.9981,6.4,2.14,2.14,2.14,110.082664,109.435143,110.208809,0.0,0.0,0.0,0.0,0.0,0.0,0.0,0.0,30.950001,3.95,4.55,2.65,1.23,2.65,13.15,7.1214,1.7733,-0.51,-24.549999,0.0,0.0,0.0,0.0,0.1,0.0,0.0,0.0,0.0,0.2
2026-05-24T01:23:11,THA01,0,Normal,0.9983,0.0,1.82,1.82,1.82,41.649422,43.103771,39.709915,0.0,0.0,0.0,0.0,0.0,0.0,0.0,1.0,39.900002,10.5,7.9,2.51,1.56,2.51,19.4333,13.4286,1.89,-0.69,-39.900002,0.0,0.0,0.0,0.0,0.1,0.0,0.0,0.0,0.0,0.2
2026-05-24T03:09:39,BAD01,0,Normal,0.9981,6.4,2.14,2.14,2.14,110.082664,109.435143,110.208809,0.0,0.0,0.1,0.0,0.1,0.1,0.0,0.0,6.4,30.950001,3.95,2.14,2.65,2.14,13.7667,8.0357,2.0067,0.0,0.0,0.0,0.0,0.0,0.0,0.0,0.1,0.0,0.0,0.0,0.0
2026-05-24T03:09:39,THA01,0,Normal,0.9983,0.0,1.81,1.82,1.8,41.247765,43.103771,38.917038,0.0,0.0,0.1,0.0,0.1,0.1,0.0,1.0,0.0,39.900002,10.5,1.82,2.51,1.82,16.799999,13.4286,1.9633,-0.01,0.0,0.0,0.0,0.0,0.0,0.0,0.1,0.0,0.0,0.0,0.0
2026-05-24T04:08:29,BAD01,0,Normal,0.9981,5.3,2.1133,2.14,2.06,108.118385,109.435143,104.382629,0.0,0.1,0.1,0.0,0.1,0.1,0.0,0.0,6.4,30.950001,3.95,2.14,2.65,2.14,13.7667,8.0357,2.0067,-0.0267,-1.1,0.0,0.0,0.0,0.0,0.0,0.1,0.0,0.0,0.0,0.0
2026-05-24T04:08:29,THA01,0,Normal,0.9983,0.0,1.8,1.82,1.78,40.84779,43.103771,38.131401,0.0,0.1,0.1,0.0,0.1,0.1,0.0,1.0,0.0,39.900002,10.5,1.82,2.51,1.82,16.799999,13.4286,1.9633,-0.02,0.0,0.0,0.0,0.0,0.0,0.0,0.1,0.0,0.0,0.0,0.0
2026-05-24T05:12:44,BAD01,0,Normal,0.9982,5.3,2.09,2.14,2.02,106.413017,109.435143,101.505226,0.0,0.1,0.1,0.0,0.1,0.1,0.0,0.0,6.4,30.950001,3.95,2.14,2.65,2.14,13.7667,8.0357,2.0067,-0.05,-1.1,0.0,0.0,0.0,0.0,0.0,0.1,0.0,0.0,0.0,0.0
2026-05-24T05:12:44,THA01,0,Normal,0.9983,0.0,1.7875,1.82,1.75,40.350189,43.103771,36.966545,0.0,0.1,0.1,0.0,0.1,0.1,0.0,1.0,0.0,39.900002,10.5,1.82,2.51,1.82,16.799999,13.4286,1.9633,-0.0325,0.0,0.0,0.0,0.0,0.0,0.0,0.1,0.0,0.0,0.0,0.0
2026-05-24T07:19:14,BAD01,0,Normal,0.9982,5.3,2.056,2.14,1.92,103.939278,109.435143,94.417969,0.0,0.2,0.1,0.1,0.3,0.3,0.0,0.0,6.4,30.950001,3.95,2.14,2.65,2.14,13.7667,8.0357,2.0067,-0.084,-1.1,0.0,0.0,0.0,0.0,0.0,0.1,0.0,0.0,0.0,0.0
2026-05-24T07:19:14,THA01,0,Normal,0.9983,0.0,1.79,1.82,1.75,40.449501,43.103771,36.966545,0.0,0.2,0.1,0.1,0.3,0.3,0.0,1.0,0.0,39.900002,10.5,1.82,2.51,1.82,16.799999,13.4286,1.9633,-0.03,0.0,0.0,0.0,0.0,0.0,0.0,0.1,0.0,0.0,0.0,0.0
2026-05-24T11:54:10,BAD01,0,Normal,0.9982,7.0,2.015,2.14,1.81,100.97979,109.435143,86.801666,0.0,0.2,0.1,0.1,0.4,0.4,0.0,0.0,6.4,30.950001,3.95,2.14,2.65,2.14,13.7667,8.0357,2.0067,-0.125,0.6,0.0,0.0,0.0,0.0,0.0,0.1,0.0,0.0,0.0,0.0
2026-05-24T11:54:10,THA01,0,Normal,0.9983,0.6,1.78,1.82,1.73,40.052891,43.103771,36.199062,0.0,0.2,0.1,0.1,0.4,0.4,0.0,1.0,0.0,39.900002,10.5,1.82,2.51,1.82,16.799999,13.4286,1.9633,-0.04,0.6,0.0,0.0,0.0,0.0,0.0,0.1,0.0,0.0,0.0,0.0
2026-05-24T14:40:24,BAD01,0,Normal,0.9982,7.5,1.9757,2.14,1.74,98.167442,109.435143,82.055786,0.1,0.4,0.2,0.1,0.5,0.5,0.0,0.0,6.4,30.950001,3.95,2.14,2.65,2.14,13.7667,8.0357,2.0067,-0.1643,1.1,0.0,0.0,0.0,0.0,0.0,0.1,0.0,0.0,0.0,0.0
2026-05-24T14:40:24,THA01,0,Normal,0.9983,0.6,1.7557,1.82,1.61,39.096172,43.103771,31.747728,0.1,0.4,0.2,0.1,0.5,0.5,0.0,1.0,0.0,39.900002,10.5,1.82,2.51,1.82,16.799999,13.4286,1.9633,-0.0643,0.6,0.0,0.0,0.0,0.0,0.0,0.1,0.0,0.0,0.0,0.0
2026-05-24T16:33:34,BAD01,0,Normal,0.9982,7.5,1.9387,2.14,1.68,95.541771,109.435143,78.051949,0.2,0.6,0.6,0.3,1.1,1.1,0.0,0.0,6.4,30.950001,3.95,2.14,2.65,2.14,13.7667,8.0357,2.0067,-0.2013,1.1,0.0,0.0,0.0,0.0,0.0,0.1,0.0,0.0,0.0,0.0
2026-05-24T16:33:34,THA01,0,Normal,0.9983,0.6,1.73,1.82,1.55,38.095211,43.103771,29.621475,0.2,0.6,0.6,0.3,1.1,1.1,0.0,1.0,0.0,39.900002,10.5,1.82,2.51,1.82,16.799999,13.4286,1.9633,-0.09,0.6,0.0,0.0,0.0,0.0,0.0,0.1,0.0,0.0,0.0,0.0
2026-05-24T18:18:06,BAD01,0,Normal,0.9982,7.5,1.9067,2.14,1.65,93.288383,109.435143,76.072601,0.2,0.7,0.7,0.4,1.3,1.3,0.0,0.0,6.4,30.950001,3.95,2.14,2.65,2.14,13.7667,8.0357,2.0067,-0.2333,1.1,0.0,0.0,0.0,0.0,0.0,0.1,0.0,0.0,0.0,0.0
2026-05-24T18:18:06,THA01,0,Normal,0.9983,0.6,1.7211,1.82,1.55,37.75119,43.103771,29.621475,0.2,0.7,0.7,0.4,1.3,1.3,0.0,1.0,0.0,39.900002,10.5,1.82,2.51,1.82,16.799999,13.4286,1.9633,-0.0989,0.6,0.0,0.0,0.0,0.0,0.0,0.1,0.0,0.0,0.0,0.0
2026-05-24T20:22:25,BAD01,0,Normal,0.9982,7.5,1.871,2.14,1.55,90.793755,109.435143,69.585884,0.2,0.7,0.8,0.4,1.4,1.4,0.0,0.0,6.4,30.950001,3.95,2.14,2.65,2.14,13.7667,8.0357,2.0067,-0.269,1.1,0.0,0.0,0.0,0.0,0.0,0.1,0.0,0.0,0.0,0.0
2026-05-24T20:22:25,THA01,0,Normal,0.9983,2.1,1.72,1.82,1.55,37.708763,43.103771,29.621475,0.2,0.7,0.8,0.4,1.4,1.4,0.0,1.0,0.0,39.900002,10.5,1.82,2.51,1.82,16.799999,13.4286,1.9633,-0.1,2.1,0.0,0.0,0.0,0.0,0.0,0.1,0.0,0.0,0.0,0.0
2026-05-24T22:15:00,BAD01,0,Normal,0.9982,2.2,1.8373,2.14,1.5,88.457764,109.435143,66.408028,0.2,0.7,0.8,0.4,1.4,1.4,0.0,0.0,6.4,30.950001,3.95,2.14,2.65,2.14,13.7667,8.0357,2.0067,-0.3027,-4.2,0.0,0.0,0.0,0.0,0.0,0.1,0.0,0.0,0.0,0.0
2026-05-24T22:15:00,THA01,0,Normal,0.9983,2.1,1.7145,1.82,1.55,37.496941,43.103771,29.621475,0.2,0.7,0.8,0.4,1.4,1.4,0.0,1.0,0.0,39.900002,10.5,1.82,2.51,1.82,16.799999,13.4286,1.9633,-0.1055,2.1,0.0,0.0,0.0,0.0,0.0,0.1,0.0,0.0,0.0,0.0
2026-05-24T23:16:10,BAD01,0,Normal,0.9982,2.2,1.8092,2.14,1.5,86.524101,109.435143,66.408028,0.2,0.7,0.8,0.4,1.4,1.4,0.0,0.0,6.4,30.950001,3.95,2.14,2.65,2.14,13.7667,8.0357,2.0067,-0.3308,-4.2,0.0,0.0,0.0,0.0,0.0,0.1,0.0,0.0,0.0,0.0
2026-05-24T23:16:10,THA01,0,Normal,0.9983,2.1,1.71,1.82,1.55,37.324013,43.103771,29.621475,0.2,0.7,0.8,0.4,1.4,1.4,0.0,1.0,0.0,39.900002,10.5,1.82,2.51,1.82,16.799999,13.4286,1.9633,-0.11,2.1,0.0,0.0,0.0,0.0,0.0,0.1,0.0,0.0,0.0,0.0
2026-05-25T01:23:09,BAD01,0,Normal,0.9983,2.2,1.48,1.48,1.48,64.87114,64.217369,65.149368,0.0,0.0,0.0,0.0,0.1,0.1,0.0,0.0,6.4,30.950001,3.95,2.14,2.65,2.14,13.7667,8.0357,2.0067,-0.66,-4.2,0.0,0.0,0.0,0.0,0.0,0.1,0.0,0.0,0.0,0.0
2026-05-25T01:23:09,THA01,0,Normal,0.9983,18.4,1.64,1.64,1.64,34.678616,36.094952,32.835789,0.0,0.0,0.0,0.0,0.1,0.1,0.0,1.0,0.0,39.900002,10.5,1.82,2.51,1.82,16.799999,13.4286,1.9633,-0.18,18.4,0.0,0.0,0.0,0.0,0.0,0.1,0.0,0.0,0.0,0.0
2026-05-25T03:10:33,BAD01,0,Normal,0.9982,2.2,1.455,1.48,1.43,63.305489,64.217369,62.034431,0.0,0.0,0.0,0.0,0.2,0.2,0.0,0.0,2.2,6.4,30.950001,1.48,2.14,1.48,13.1833,7.4786,2.09,-0.025,0.0,0.0,0.0,0.0,0.0,0.0,0.0,0.0,0.0,0.1,0.0
2026-05-25T03:10:33,THA01,0,Normal,0.9982,18.4,1.64,1.64,1.64,34.678616,36.094952,32.835789,0.0,0.0,0.0,0.0,0.2,0.2,0.0,1.0,18.4,0.0,39.900002,1.64,1.82,1.64,19.4333,14.3571,1.99,0.0,0.0,0.0,0.0,0.0,0.0,0.0,0.0,0.0,0.0,0.1,0.0
2026-05-25T04:12:03,BAD01,0,Normal,0.9982,2.2,1.4467,1.48,1.43,62.788258,64.217369,62.034431,0.0,0.0,0.1,0.1,0.4,0.4,0.0,0.0,2.2,6.4,30.950001,1.48,2.14,1.48,13.1833,7.4786,2.09,-0.0333,0.0,0.0,0.0,0.0,0.0,0.0,0.0,0.0,0.0,0.1,0.0
2026-05-25T04:12:03,THA01,0,Normal,0.9982,18.4,1.64,1.64,1.64,34.678616,36.094952,32.835789,0.0,0.0,0.1,0.1,0.4,0.4,0.0,1.0,18.4,0.0,39.900002,1.64,1.82,1.64,19.4333,14.3571,1.99,0.0,0.0,0.0,0.0,0.0,0.0,0.0,0.0,0.0,0.0,0.1,0.0
2026-05-25T05:14:56,BAD01,0,Normal,0.9982,2.2,1.4425,1.48,1.43,62.527016,64.217369,62.034431,0.0,0.0,0.1,0.2,0.6,0.6,0.0,0.0,2.2,6.4,30.950001,1.48,2.14,1.48,13.1833,7.4786,2.09,-0.0375,0.0,0.0,0.0,0.0,0.0,0.0,0.0,0.0,0.0,0.1,0.0
2026-05-25T05:14:56,THA01,0,Normal,0.9982,18.4,1.6375,1.64,1.63,34.58569,36.094952,32.47126,0.0,0.0,0.1,0.2,0.6,0.6,0.0,1.0,18.4,0.0,39.900002,1.64,1.82,1.64,19.4333,14.3571,1.99,-0.0025,0.0,0.0,0.0,0.0,0.0,0.0,0.0,0.0,0.0,0.1,0.0
2026-05-25T07:25:35,BAD01,0,Normal,0.9982,2.2,1.44,1.48,1.43,62.37167,64.217369,62.034431,0.0,0.0,0.1,0.2,0.7,0.7,0.0,0.0,2.2,6.4,30.950001,1.48,2.14,1.48,13.1833,7.4786,2.09,-0.04,0.0,0.0,0.0,0.0,0.0,0.0,0.0,0.0,0.0,0.1,0.0
2026-05-25T07:25:35,THA01,0,Normal,0.9982,18.4,1.636,1.64,1.63,34.529987,36.094952,32.47126,0.0,0.0,0.1,0.2,0.7,0.7,0.0,1.0,18.4,0.0,39.900002,1.64,1.82,1.64,19.4333,14.3571,1.99,-0.004,0.0,0.0,0.0,0.0,0.0,0.0,0.0,0.0,0.0,0.1,0.0
2026-05-25T12:27:29,BAD01,0,Normal,0.9982,20.9,1.4467,1.48,1.43,62.788258,64.217369,62.034431,0.0,0.0,0.1,0.2,1.0,1.0,0.0,0.0,2.2,6.4,30.950001,1.48,2.14,1.48,13.1833,7.4786,2.09,-0.0333,18.700001,0.0,0.0,0.0,0.0,0.0,0.0,0.0,0.0,0.1,0.0
2026-05-25T12:27:29,THA01,0,Normal,0.9982,32.299999,1.6417,1.67,1.63,34.741863,37.227303,32.47126,0.0,0.0,0.1,0.2,1.0,1.0,0.0,1.0,18.4,0.0,39.900002,1.64,1.82,1.64,19.4333,14.3571,1.99,0.0017,13.9,0.0,0.0,0.0,0.0,0.0,0.0,0.0,0.0,0.1,0.0
2026-05-25T17:09:24,BAD01,0,Normal,0.9982,21.700001,1.4614,1.55,1.43,63.705193,68.653748,62.034431,0.1,0.3,0.3,0.3,1.0,1.0,0.0,0.0,2.2,6.4,30.950001,1.48,2.14,1.48,13.1833,7.4786,2.09,-0.0186,19.5,0.0,0.0,0.0,0.0,0.0,0.0,0.0,0.0,0.1,0.0
2026-05-25T17:09:24,THA01,0,Normal,0.9982,34.400002,1.6414,1.67,1.63,34.730698,37.227303,32.47126,0.1,0.3,0.3,0.3,1.0,1.0,0.0,1.0,18.4,0.0,39.900002,1.64,1.82,1.64,19.4333,14.3571,1.99,0.0014,16.0,0.0,0.0,0.0,0.0,0.0,0.0,0.0,0.0,0.1,0.0
2026-05-25T19:53:36,BAD01,0,Normal,0.9982,21.700001,1.4825,1.63,1.43,65.028343,73.834198,62.034431,0.2,0.6,0.5,0.4,1.0,1.0,0.0,0.0,2.2,6.4,30.950001,1.48,2.14,1.48,13.1833,7.4786,2.09,0.0025,19.5,0.0,0.0,0.0,0.0,0.0,0.0,0.0,0.0,0.1,0.0
2026-05-25T19:53:36,THA01,0,Normal,0.9982,36.400002,1.6487,1.7,1.63,35.002831,38.374069,32.47126,0.2,0.6,0.5,0.4,1.0,1.0,0.0,1.0,18.4,0.0,39.900002,1.64,1.82,1.64,19.4333,14.3571,1.99,0.0087,18.0,0.0,0.0,0.0,0.0,0.0,0.0,0.0,0.0,0.1,0.0
2026-05-25T22:24:10,BAD01,0,Normal,0.9982,21.700001,1.5022,1.66,1.43,66.271111,75.806572,62.034431,0.2,0.6,0.6,0.5,1.0,1.0,0.0,0.0,2.2,6.4,30.950001,1.48,2.14,1.48,13.1833,7.4786,2.09,0.0222,19.5,0.0,0.0,0.0,0.0,0.0,0.0,0.0,0.0,0.1,0.0
2026-05-25T22:24:10,THA01,0,Normal,0.9982,55.099998,1.6867,1.99,1.63,36.434166,50.188042,32.47126,0.2,0.6,0.6,0.5,1.0,1.0,0.0,1.0,18.4,0.0,39.900002,1.64,1.82,1.64,19.4333,14.3571,1.99,0.0467,36.700001,0.0,0.0,0.0,0.0,0.0,0.0,0.0,0.0,0.1,0.0
2026-05-26T00:38:36,BAD01,0,Normal,0.9982,21.700001,1.66,1.66,1.66,76.477585,75.806572,76.730698,0.0,0.0,0.0,0.1,0.0,0.0,0.0,0.0,2.2,6.4,30.950001,1.48,2.14,1.48,13.1833,7.4786,2.09,0.18,19.5,0.0,0.0,0.0,0.0,0.0,0.0,0.0,0.0,0.1,0.0
2026-05-26T00:38:36,THA01,0,Normal,0.9982,51.400002,2.1,2.1,2.1,53.569317,55.006859,51.562546,0.0,0.0,0.0,0.1,0.0,0.0,0.0,1.0,18.4,0.0,39.900002,1.64,1.82,1.64,19.4333,14.3571,1.99,0.46,33.0,0.0,0.0,0.0,0.0,0.0,0.0,0.0,0.0,0.1,0.0
2026-05-26T02:23:21,BAD01,0,Normal,0.9983,21.950001,1.675,1.69,1.66,77.470543,77.794884,76.730698,0.1,0.1,0.1,0.2,0.2,0.2,0.0,0.0,21.700001,2.2,6.4,1.66,1.48,1.66,10.1,9.9643,1.76,0.015,0.25,0.0,0.0,0.0,0.0,0.0,0.0,0.1,0.0,0.0,0.1
2026-05-26T02:23:21,THA01,0,Normal,0.9982,50.299999,2.09,2.1,2.08,53.121464,55.006859,50.669739,0.1,0.1,0.1,0.2,0.2,0.2,0.0,1.0,51.400002,18.4,0.0,2.1,1.64,2.1,23.266701,20.9571,1.8533,-0.01,-1.1,0.0,0.0,0.0,0.0,0.0,0.0,0.1,0.0,0.0,0.1
2026-05-26T04:14:31,BAD01,0,Normal,0.9983,22.700001,1.6867,1.71,1.66,78.247742,79.129211,76.730698,0.2,0.2,0.2,0.5,0.9,0.9,0.0,0.0,21.700001,2.2,6.4,1.66,1.48,1.66,10.1,9.9643,1.76,0.0267,1.0,0.0,0.0,0.0,0.0,0.0,0.0,0.1,0.0,0.0,0.1
2026-05-26T04:14:31,THA01,0,Normal,0.9982,52.400002,2.0833,2.1,2.07,52.822311,55.006859,50.225983,0.2,0.2,0.2,0.5,0.9,0.9,0.0,1.0,51.400002,18.4,0.0,2.1,1.64,2.1,23.266701,20.9571,1.8533,-0.0167,1.0,0.0,0.0,0.0,0.0,0.0,0.0,0.1,0.0,0.0,0.1
2026-05-26T05:22:04,BAD01,0,Normal,0.9983,22.700001,1.6975,1.73,1.66,78.967239,80.470512,76.730698,0.3,0.3,0.4,0.7,1.2,1.2,0.0,0.0,21.700001,2.2,6.4,1.66,1.48,1.66,10.1,9.9643,1.76,0.0375,1.0,0.0,0.0,0.0,0.0,0.0,0.0,0.1,0.0,0.0,0.1
2026-05-26T05:22:04,THA01,0,Normal,0.9982,53.5,2.08,2.1,2.07,52.675236,55.006859,50.225983,0.3,0.3,0.4,0.7,1.2,1.2,0.0,1.0,51.400002,18.4,0.0,2.1,1.64,2.1,23.266701,20.9571,1.8533,-0.02,2.1,0.0,0.0,0.0,0.0,0.0,0.0,0.1,0.0,0.0,0.1
2026-05-26T10:21:20,BAD01,0,Normal,0.9983,17.5,1.744,1.93,1.66,82.087692,94.257416,76.730698,0.4,0.4,0.6,0.9,1.5,1.5,0.0,0.0,21.700001,2.2,6.4,1.66,1.48,1.66,10.1,9.9643,1.76,0.084,-4.2,0.0,0.0,0.0,0.0,0.0,0.0,0.1,0.0,0.0,0.1
2026-05-26T10:21:20,THA01,0,Normal,0.9982,44.299999,2.08,2.1,2.07,52.675236,55.006859,50.225983,0.4,0.4,0.6,0.9,1.5,1.5,0.0,1.0,51.400002,18.4,0.0,2.1,1.64,2.1,23.266701,20.9571,1.8533,-0.02,-7.1,0.0,0.0,0.0,0.0,0.0,0.0,0.1,0.0,0.0,0.1
2026-05-26T14:27:00,BAD01,0,Normal,0.9982,17.700001,1.7967,2.06,1.66,85.668098,103.57103,76.730698,0.6,0.5,0.7,1.1,1.6,1.6,0.0,0.0,21.700001,2.2,6.4,1.66,1.48,1.66,10.1,9.9643,1.76,0.1367,-4.0,0.0,0.0,0.0,0.0,0.0,0.0,0.1,0.0,0.0,0.1
2026-05-26T14:27:00,THA01,0,Normal,0.9982,46.400002,2.0783,2.1,2.07,52.599541,55.006859,50.225983,0.6,0.5,0.7,1.1,1.6,1.6,0.0,1.0,51.400002,18.4,0.0,2.1,1.64,2.1,23.266701,20.9571,1.8533,-0.0217,-5.0,0.0,0.0,0.0,0.0,0.0,0.0,0.1,0.0,0.0,0.1
2026-05-26T22:02:35,BAD01,0,Normal,0.9982,17.700001,1.8343,2.06,1.66,88.250702,103.57103,76.730698,0.8,0.6,0.7,1.1,1.7,1.7,0.0,0.0,21.700001,2.2,6.4,1.66,1.48,1.66,10.1,9.9643,1.76,0.1743,-4.0,0.0,0.0,0.0,0.0,0.0,0.0,0.1,0.0,0.0,0.1
2026-05-26T22:02:35,THA01,0,Normal,0.9982,29.1,2.0771,2.1,2.07,52.546135,55.006859,50.225983,0.8,0.6,0.7,1.1,1.7,1.7,0.0,1.0,51.400002,18.4,0.0,2.1,1.64,2.1,23.266701,20.9571,1.8533,-0.0229,-22.299999,0.0,0.0,0.0,0.0,0.0,0.0,0.1,0.0,0.0,0.1
2026-05-27T00:40:08,BAD01,0,Normal,0.9982,26.35,2.03,2.03,2.03,102.059532,101.397812,102.222321,0.0,0.0,0.0,0.1,0.2,0.2,0.0,0.0,21.700001,2.2,6.4,1.66,1.48,1.66,10.1,9.9643,1.76,0.37,4.65,0.0,0.0,0.0,0.0,0.0,0.0,0.1,0.0,0.0,0.1
2026-05-27T00:40:08,THA01,0,Normal,0.9982,20.1,2.09,2.09,2.09,53.121464,54.56126,51.115261,0.0,0.0,0.0,0.1,0.2,0.2,0.0,1.0,51.400002,18.4,0.0,2.1,1.64,2.1,23.266701,20.9571,1.8533,-0.01,-31.299999,0.0,0.0,0.0,0.0,0.0,0.0,0.1,0.0,0.0,0.1
2026-05-27T02:50:55,BAD01,0,Normal,0.9982,26.1,2.025,2.03,2.02,101.699234,101.397812,101.505226,0.0,0.1,0.0,0.2,0.7,0.7,0.0,0.0,26.35,21.700001,2.2,2.03,1.66,2.03,16.75,13.7286,1.7233,-0.005,-0.25,0.0,0.0,0.0,0.0,0.0,0.0,0.1,0.1,0.2,0.0
2026-05-27T02:50:55,THA01,0,Normal,0.9983,20.1,2.055,2.09,2.02,51.56678,54.56126,48.033714,0.0,0.1,0.0,0.2,0.7,0.7,0.0,1.0,20.1,51.400002,18.4,2.09,2.1,2.09,29.9667,21.1714,1.9433,-0.035,0.0,0.0,0.0,0.0,0.0,0.0,0.0,0.1,0.1,0.2,0.0
2026-05-27T04:26:49,BAD01,0,Normal,0.9982,27.15,2.0167,2.03,2.0,101.10199,101.397812,100.075562,0.1,0.2,0.2,0.5,0.9,0.9,0.0,0.0,26.35,21.700001,2.2,2.03,1.66,2.03,16.75,13.7286,1.7233,-0.0133,0.8,0.0,0.0,0.0,0.0,0.0,0.0,0.1,0.1,0.2,0.0
2026-05-27T04:26:49,THA01,0,Normal,0.9983,16.9,2.0333,2.09,1.99,50.6129,54.56126,46.73962,0.1,0.2,0.2,0.5,0.9,0.9,0.0,1.0,20.1,51.400002,18.4,2.09,2.1,2.09,29.9667,21.1714,1.9433,-0.0567,-3.2,0.0,0.0,0.0,0.0,0.0,0.0,0.1,0.1,0.2,0.0
2026-05-27T07:23:06,BAD01,0,Normal,0.9982,28.25,2.005,2.03,1.97,100.261902,101.397812,97.942459,0.1,0.2,0.3,0.6,1.0,1.0,0.0,0.0,26.35,21.700001,2.2,2.03,1.66,2.03,16.75,13.7286,1.7233,-0.025,1.9,0.0,0.0,0.0,0.0,0.0,0.0,0.1,0.1,0.2,0.0
2026-05-27T07:23:06,THA01,0,Normal,0.9983,16.9,2.015,2.09,1.96,49.814453,54.56126,45.461525,0.1,0.2,0.3,0.6,1.0,1.0,0.0,1.0,20.1,51.400002,18.4,2.09,2.1,2.09,29.9667,21.1714,1.9433,-0.075,-3.2,0.0,0.0,0.0,0.0,0.0,0.0,0.1,0.1,0.2,0.0
2026-05-27T12:18:54,BAD01,0,Normal,0.9982,27.950001,2.004,2.03,1.97,100.190201,101.397812,97.942459,0.2,0.3,0.9,0.8,1.2,1.2,0.0,0.0,26.35,21.700001,2.2,2.03,1.66,2.03,16.75,13.7286,1.7233,-0.026,1.6,0.0,0.0,0.0,0.0,0.0,0.0,0.1,0.1,0.2,0.0
2026-05-27T12:18:54,THA01,0,Normal,0.9983,41.599998,1.994,2.09,1.91,48.904957,54.56126,43.367039,0.2,0.3,0.9,0.8,1.2,1.2,0.0,1.0,20.1,51.400002,18.4,2.09,2.1,2.09,29.9667,21.1714,1.9433,-0.096,21.5,0.0,0.0,0.0,0.0,0.0,0.0,0.1,0.1,0.2,0.0
2026-05-27T16:54:07,BAD01,0,Normal,0.9982,27.950001,2.02,2.1,1.97,101.339317,106.490646,97.942459,0.3,0.8,1.0,1.0,1.2,1.2,0.0,0.0,26.35,21.700001,2.2,2.03,1.66,2.03,16.75,13.7286,1.7233,-0.01,1.6,0.0,0.0,0.0,0.0,0.0,0.0,0.1,0.1,0.2,0.0
2026-05-27T16:54:07,THA01,0,Normal,0.9983,42.799999,2.0833,2.53,1.91,52.822311,75.556969,43.367039,0.3,0.8,1.0,1.0,1.2,1.2,0.0,1.0,20.1,51.400002,18.4,2.09,2.1,2.09,29.9667,21.1714,1.9433,-0.0067,22.700001,0.0,0.0,0.0,0.0,0.0,0.0,0.1,0.1,0.2,0.0
2026-05-27T20:15:14,BAD01,0,Normal,0.9982,27.950001,2.0486,2.22,1.97,103.403214,115.397758,97.942459,0.4,1.3,1.1,1.2,1.2,1.2,0.0,0.0,26.35,21.700001,2.2,2.03,1.66,2.03,16.75,13.7286,1.7233,0.0186,1.6,0.0,0.0,0.0,0.0,0.0,0.0,0.1,0.1,0.2,0.0
2026-05-27T20:15:14,THA01,0,Normal,0.9982,52.900002,2.18,2.76,1.91,57.210331,87.632896,43.367039,0.4,1.3,1.1,1.2,1.2,1.2,0.0,1.0,20.1,51.400002,18.4,2.09,2.1,2.09,29.9667,21.1714,1.9433,0.09,32.799999,0.0,0.0,0.0,0.0,0.0,0.0,0.1,0.1,0.2,0.0
2026-05-27T23:17:29,BAD01,0,Normal,0.9982,27.950001,2.07,2.22,1.97,104.955742,115.397758,97.942459,0.4,1.3,1.1,1.2,1.3,1.3,0.0,0.0,26.35,21.700001,2.2,2.03,1.66,2.03,16.75,13.7286,1.7233,0.04,1.6,0.0,0.0,0.0,0.0,0.0,0.0,0.1,0.1,0.2,0.0
2026-05-27T23:17:29,THA01,0,Normal,0.9982,52.900002,2.2525,2.76,1.91,60.598843,87.632896,43.367039,0.4,1.3,1.1,1.2,1.3,1.3,0.0,1.0,20.1,51.400002,18.4,2.09,2.1,2.09,29.9667,21.1714,1.9433,0.1625,32.799999,0.0,0.0,0.0,0.0,0.0,0.0,0.1,0.1,0.2,0.0
2026-05-28T02:26:08,BAD01,0,Normal,0.9981,19.299999,2.37,2.37,2.37,127.437508,126.836334,127.472893,0.1,0.0,0.1,0.1,0.1,0.1,0.0,0.0,26.35,21.700001,2.2,2.03,1.66,2.03,16.75,13.7286,1.7233,0.34,-7.05,0.0,0.0,0.0,0.0,0.0,0.0,0.1,0.1,0.2,0.0
2026-05-28T02:26:08,THA01,0,Normal,0.9976,48.799999,3.42,3.42,3.42,126.312599,126.28183,125.584038,0.1,0.0,0.1,0.1,0.1,0.1,0.0,1.0,20.1,51.400002,18.4,2.09,2.1,2.09,29.9667,21.1714,1.9433,1.33,28.700001,0.0,0.0,0.0,0.0,0.0,0.0,0.1,0.1,0.2,0.0
2026-05-28T04:34:53,BAD01,0,Normal,0.9981,19.299999,2.425,2.48,2.37,131.699875,135.433289,127.472893,0.1,0.0,0.1,0.1,0.2,0.2,0.0,0.0,26.35,21.700001,2.2,2.03,1.66,2.03,16.75,13.7286,1.7233,0.395,-7.05,0.0,0.0,0.0,0.0,0.0,0.0,0.1,0.1,0.2,0.0
2026-05-28T04:34:53,THA01,0,Normal,0.9976,51.299999,3.325,3.42,3.23,120.206635,126.28183,113.142357,0.1,0.0,0.1,0.1,0.2,0.2,0.0,1.0,20.1,51.400002,18.4,2.09,2.1,2.09,29.9667,21.1714,1.9433,1.235,31.200001,0.0,0.0,0.0,0.0,0.0,0.0,0.1,0.1,0.2,0.0
2026-05-28T06:56:24,BAD01,0,Normal,0.9981,7.0,2.4667,2.55,2.37,134.959671,140.993683,127.472893,0.1,0.0,0.1,0.2,0.3,0.3,0.0,0.0,26.35,21.700001,2.2,2.03,1.66,2.03,16.75,13.7286,1.7233,0.4367,-19.35,0.0,0.0,0.0,0.0,0.0,0.0,0.1,0.1,0.2,0.0
2026-05-28T06:56:24,THA01,0,Normal,0.9976,51.299999,3.1833,3.42,2.9,111.342751,126.28183,92.938431,0.1,0.0,0.1,0.2,0.3,0.3,0.0,1.0,20.1,51.400002,18.4,2.09,2.1,2.09,29.9667,21.1714,1.9433,1.0933,31.200001,0.0,0.0,0.0,0.0,0.0,0.0,0.1,0.1,0.2,0.0
2026-05-28T11:26:12,BAD01,0,Normal,0.9981,36.099998,2.5225,2.69,2.37,139.359192,152.318771,127.472893,0.2,0.0,0.2,0.3,0.9,0.9,0.0,0.0,26.35,21.700001,2.2,2.03,1.66,2.03,16.75,13.7286,1.7233,0.4925,9.75,0.0,0.0,0.0,0.0,0.0,0.0,0.1,0.1,0.2,0.0
2026-05-28T11:26:12,THA01,0,Normal,0.998,34.400002,3.025,3.42,2.55,101.788841,126.28183,73.492142,0.2,0.0,0.2,0.3,0.9,0.9,0.0,1.0,20.1,51.400002,18.4,2.09,2.1,2.09,29.9667,21.1714,1.9433,0.935,14.3,0.0,0.0,0.0,0.0,0.0,0.0,0.1,0.1,0.2,0.0
2026-05-28T16:12:24,BAD01,0,Normal,0.9973,29.6,2.594,2.88,2.37,145.058563,168.112167,127.472893,0.5,0.5,0.5,0.4,1.0,1.0,0.0,0.0,26.35,21.700001,2.2,2.03,1.66,2.03,16.75,13.7286,1.7233,0.564,3.25,0.0,0.0,0.0,0.0,0.0,0.0,0.1,0.1,0.2,0.0
2026-05-28T16:12:24,THA01,0,Normal,0.998,33.700001,2.954,3.42,2.55,97.624336,126.28183,73.492142,0.5,0.5,0.5,0.4,1.0,1.0,0.0,1.0,20.1,51.400002,18.4,2.09,2.1,2.09,29.9667,21.1714,1.9433,0.864,13.6,0.0,0.0,0.0,0.0,0.0,0.0,0.1,0.1,0.2,0.0
2026-05-28T19:55:30,BAD01,0,Normal,0.9973,29.6,2.6417,2.88,2.37,148.899017,168.112167,127.472893,0.8,1.0,0.8,0.5,1.1,1.1,0.0,0.0,26.35,21.700001,2.2,2.03,1.66,2.03,16.75,13.7286,1.7233,0.6117,3.25,0.0,0.0,0.0,0.0,0.0,0.0,0.1,0.1,0.2,0.0
2026-05-28T19:55:30,THA01,0,Normal,0.998,33.700001,2.9067,3.42,2.55,94.891708,126.28183,73.492142,0.8,1.0,0.8,0.5,1.1,1.1,0.0,1.0,20.1,51.400002,18.4,2.09,2.1,2.09,29.9667,21.1714,1.9433,0.8167,13.6,0.0,0.0,0.0,0.0,0.0,0.0,0.1,0.1,0.2,0.0
2026-05-28T23:22:28,BAD01,0,Normal,0.9921,30.799999,2.6929,3.0,2.37,153.054886,178.330902,127.472893,1.1,1.5,1.1,0.6,1.2,1.2,0.0,0.0,26.35,21.700001,2.2,2.03,1.66,2.03,16.75,13.7286,1.7233,0.6629,4.45,0.0,0.0,0.0,0.0,0.0,0.0,0.1,0.1,0.2,0.0
2026-05-28T23:22:28,THA01,0,Normal,0.998,25.4,2.9743,3.42,2.55,98.807373,126.28183,73.492142,1.1,1.5,1.1,0.6,1.2,1.2,0.0,1.0,20.1,51.400002,18.4,2.09,2.1,2.09,29.9667,21.1714,1.9433,0.8843,5.3,0.0,0.0,0.0,0.0,0.0,0.0,0.1,0.1,0.2,0.0
2026-05-29T02:30:09,BAD01,0,Normal,0.989,30.799999,3.11,3.11,3.11,188.162643,187.859604,187.78067,0.0,0.0,0.0,0.0,0.0,0.0,0.0,0.0,26.35,21.700001,2.2,2.03,1.66,2.03,16.75,13.7286,1.7233,1.08,4.45,0.0,0.0,0.0,0.0,0.0,0.0,0.1,0.1,0.2,0.0
2026-05-29T02:30:09,THA01,0,Normal,0.9976,24.4,3.23,3.23,3.23,114.231636,114.562073,113.142357,0.0,0.0,0.0,0.0,0.0,0.0,0.0,1.0,20.1,51.400002,18.4,2.09,2.1,2.09,29.9667,21.1714,1.9433,1.14,4.3,0.0,0.0,0.0,0.0,0.0,0.0,0.1,0.1,0.2,0.0
2026-05-29T04:33:15,BAD01,0,Normal,0.989,30.799999,3.105,3.11,3.1,187.728973,187.859604,186.920517,0.1,0.1,0.1,0.1,0.4,0.4,0.0,0.0,26.35,21.700001,2.2,2.03,1.66,2.03,16.75,13.7286,1.7233,1.075,4.45,0.0,0.0,0.0,0.0,0.0,0.0,0.1,0.1,0.2,0.0
2026-05-29T04:33:15,THA01,0,Normal,0.9977,24.4,3.095,3.23,2.96,105.967957,114.562073,96.478065,0.1,0.1,0.1,0.1,0.4,0.4,0.0,1.0,20.1,51.400002,18.4,2.09,2.1,2.09,29.9667,21.1714,1.9433,1.005,4.3,0.0,0.0,0.0,0.0,0.0,0.0,0.1,0.1,0.2,0.0
2026-05-29T07:18:35,BAD01,0,Normal,0.988,41.400002,3.1367,3.2,3.1,190.483566,195.768539,186.920517,0.2,0.2,0.2,0.2,0.7,0.7,0.0,0.0,26.35,21.700001,2.2,2.03,1.66,2.03,16.75,13.7286,1.7233,1.1067,15.05,0.0,0.0,0.0,0.0,0.0,0.0,0.1,0.1,0.2,0.0
2026-05-29T07:18:35,THA01,0,Normal,0.998,21.9,2.9567,3.23,2.68,97.781334,114.562073,80.474159,0.2,0.2,0.2,0.2,0.7,0.7,0.0,1.0,20.1,51.400002,18.4,2.09,2.1,2.09,29.9667,21.1714,1.9433,0.8667,1.8,0.0,0.0,0.0,0.0,0.0,0.0,0.1,0.1,0.2,0.0
2026-05-29T12:12:05,BAD01,0,Normal,0.987,16.5,3.175,3.29,3.1,193.827789,203.777222,186.920517,0.2,0.2,0.3,0.3,0.7,0.7,0.0,0.0,26.35,21.700001,2.2,2.03,1.66,2.03,16.75,13.7286,1.7233,1.145,-9.85,0.0,0.0,0.0,0.0,0.0,0.0,0.1,0.1,0.2,0.0
2026-05-29T12:12:05,THA01,0,Normal,0.998,8.5,2.83,3.23,2.45,90.531914,114.562073,68.317017,0.2,0.2,0.3,0.3,0.7,0.7,0.0,1.0,20.1,51.400002,18.4,2.09,2.1,2.09,29.9667,21.1714,1.9433,0.74,-11.6,0.0,0.0,0.0,0.0,0.0,0.0,0.1,0.1,0.2,0.0
2026-05-29T16:05:40,BAD01,0,Normal,0.987,16.5,3.198,3.29,3.1,195.844528,203.777222,186.920517,0.3,0.5,0.4,0.4,0.7,0.7,0.0,0.0,26.35,21.700001,2.2,2.03,1.66,2.03,16.75,13.7286,1.7233,1.168,-9.85,0.0,0.0,0.0,0.0,0.0,0.0,0.1,0.1,0.2,0.0
2026-05-29T16:05:40,THA01,0,Normal,0.9981,8.5,2.754,3.23,2.45,86.299446,114.562073,68.317017,0.3,0.5,0.4,0.4,0.7,0.7,0.0,1.0,20.1,51.400002,18.4,2.09,2.1,2.09,29.9667,21.1714,1.9433,0.664,-11.6,0.0,0.0,0.0,0.0,0.0,0.0,0.1,0.1,0.2,0.0
2026-05-29T19:20:26,BAD01,0,Normal,0.987,16.5,3.22,3.33,3.1,197.77948,207.36824,186.920517,0.3,0.6,0.4,0.4,0.7,0.7,0.0,0.0,26.35,21.700001,2.2,2.03,1.66,2.03,16.75,13.7286,1.7233,1.19,-9.85,0.0,0.0,0.0,0.0,0.0,0.0,0.1,0.1,0.2,0.0
2026-05-29T19:20:26,THA01,0,Normal,0.9981,6.9,2.6817,3.23,2.32,82.354446,114.562073,61.845837,0.3,0.6,0.4,0.4,0.7,0.7,0.0,1.0,20.1,51.400002,18.4,2.09,2.1,2.09,29.9667,21.1714,1.9433,0.5917,-13.2,0.0,0.0,0.0,0.0,0.0,0.0,0.1,0.1,0.2,0.0
2026-05-29T23:27:23,BAD01,0,Normal,0.987,15.3,3.2229,3.33,3.1,198.034973,207.36824,186.920517,0.3,0.6,0.4,0.4,0.7,0.7,0.0,0.0,26.35,21.700001,2.2,2.03,1.66,2.03,16.75,13.7286,1.7233,1.1929,-11.05,0.0,0.0,0.0,0.0,0.0,0.0,0.1,0.1,0.2,0.0
2026-05-29T23:27:23,THA01,0,Normal,0.9981,1.8,2.6057,3.23,2.15,78.293694,114.562073,53.825348,0.3,0.6,0.4,0.4,0.7,0.7,0.0,1.0,20.1,51.400002,18.4,2.09,2.1,2.09,29.9667,21.1714,1.9433,0.5157,-18.299999,0.0,0.0,0.0,0.0,0.0,0.0,0.1,0.1,0.2,0.0
2026-05-30T02:32:41,BAD01,0,Normal,0.9879,15.3,3.18,3.18,3.18,194.265671,194.002319,193.834625,0.0,0.0,0.0,0.0,0.0,0.0,0.0,0.0,26.35,21.700001,2.2,2.03,1.66,2.03,16.75,13.7286,1.7233,1.15,-11.05,0.0,0.0,0.0,0.0,0.0,0.0,0.1,0.1,0.2,0.0
2026-05-30T02:32:41,THA01,0,Normal,0.9982,1.8,2.13,2.13,2.13,54.922588,56.352627,52.914955,0.0,0.0,0.0,0.0,0.0,0.0,0.0,1.0,20.1,51.400002,18.4,2.09,2.1,2.09,29.9667,21.1714,1.9433,0.04,-18.299999,0.0,0.0,0.0,0.0,0.0,0.0,0.1,0.1,0.2,0.0
2026-05-30T04:29:32,BAD01,0,Normal,0.9883,15.3,3.16,3.18,3.14,192.515945,194.002319,190.368195,0.0,0.0,0.0,0.0,0.1,0.1,0.0,0.0,26.35,21.700001,2.2,2.03,1.66,2.03,16.75,13.7286,1.7233,1.13,-11.05,0.0,0.0,0.0,0.0,0.0,0.0,0.1,0.1,0.2,0.0
2026-05-30T04:29:32,THA01,0,Normal,0.9983,1.8,2.115,2.13,2.1,54.244129,56.352627,51.562546,0.0,0.0,0.0,0.0,0.1,0.1,0.0,1.0,20.1,51.400002,18.4,2.09,2.1,2.09,29.9667,21.1714,1.9433,0.025,-18.299999,0.0,0.0,0.0,0.0,0.0,0.0,0.1,0.1,0.2,0.0
2026-05-30T07:02:10,BAD01,0,Normal,0.9885,15.3,3.1267,3.18,3.06,189.613297,194.002319,183.491699,0.0,0.0,0.0,0.0,0.2,0.2,0.0,0.0,26.35,21.700001,2.2,2.03,1.66,2.03,16.75,13.7286,1.7233,1.0967,-11.05,0.0,0.0,0.0,0.0,0.0,0.0,0.1,0.1,0.2,0.0
2026-05-30T07:02:10,THA01,0,Normal,0.9983,1.8,2.1033,2.13,2.08,53.717461,56.352627,50.669739,0.0,0.0,0.0,0.0,0.2,0.2,0.0,1.0,20.1,51.400002,18.4,2.09,2.1,2.09,29.9667,21.1714,1.9433,0.0133,-18.299999,0.0,0.0,0.0,0.0,0.0,0.0,0.1,0.1,0.2,0.0
2026-05-30T11:06:10,BAD01,0,Normal,0.9884,0.0,3.08,3.18,2.94,185.565186,194.002319,173.319977,0.0,0.0,0.0,0.0,0.3,0.3,0.0,0.0,26.35,21.700001,2.2,2.03,1.66,2.03,16.75,13.7286,1.7233,1.05,-26.35,0.0,0.0,0.0,0.0,0.0,0.0,0.1,0.1,0.2,0.0
2026-05-30T11:06:10,THA01,0,Normal,0.9983,0.0,2.0875,2.13,2.04,53.009754,56.352627,48.905315,0.0,0.0,0.0,0.0,0.3,0.3,0.0,1.0,20.1,51.400002,18.4,2.09,2.1,2.09,29.9667,21.1714,1.9433,-0.0025,-20.1,0.0,0.0,0.0,0.0,0.0,0.0,0.1,0.1,0.2,0.0
2026-05-30T13:40:30,BAD01,0,Normal,0.9903,0.0,3.032,3.18,2.84,181.432068,194.002319,164.977203,0.0,0.0,0.0,0.0,0.3,0.3,0.0,0.0,26.35,21.700001,2.2,2.03,1.66,2.03,16.75,13.7286,1.7233,1.002,-26.35,0.0,0.0,0.0,0.0,0.0,0.0,0.1,0.1,0.2,0.0
2026-05-30T13:40:30,THA01,0,Normal,0.9983,0.0,2.04,2.13,1.85,50.906597,56.352627,40.912766,0.0,0.0,0.0,0.0,0.3,0.3,0.0,1.0,20.1,51.400002,18.4,2.09,2.1,2.09,29.9667,21.1714,1.9433,-0.05,-20.1,0.0,0.0,0.0,0.0,0.0,0.0,0.1,0.1,0.2,0.0
2026-05-30T15:59:51,BAD01,0,Normal,0.9903,0.0,2.9883,3.18,2.77,177.693817,194.002319,159.210953,0.1,0.0,0.0,0.0,0.3,0.3,0.0,0.0,26.35,21.700001,2.2,2.03,1.66,2.03,16.75,13.7286,1.7233,0.9583,-26.35,0.0,0.0,0.0,0.0,0.0,0.0,0.1,0.1,0.2,0.0
2026-05-30T15:59:51,THA01,0,Normal,0.9983,0.0,1.9967,2.13,1.78,49.021488,56.352627,38.131401,0.1,0.0,0.0,0.0,0.3,0.3,0.0,1.0,20.1,51.400002,18.4,2.09,2.1,2.09,29.9667,21.1714,1.9433,-0.0933,-20.1,0.0,0.0,0.0,0.0,0.0,0.0,0.1,0.1,0.2,0.0
2026-05-30T17:28:23,BAD01,0,Normal,0.9903,0.0,2.9486,3.18,2.71,174.318237,194.002319,154.317505,0.1,0.0,0.0,0.0,0.4,0.4,0.0,0.0,26.35,21.700001,2.2,2.03,1.66,2.03,16.75,13.7286,1.7233,0.9186,-26.35,0.0,0.0,0.0,0.0,0.0,0.0,0.1,0.1,0.2,0.0
2026-05-30T17:28:23,THA01,0,Normal,0.9983,0.0,1.9643,2.13,1.77,47.631039,56.352627,37.741302,0.1,0.0,0.0,0.0,0.4,0.4,0.0,1.0,20.1,51.400002,18.4,2.09,2.1,2.09,29.9667,21.1714,1.9433,-0.1257,-20.1,0.0,0.0,0.0,0.0,0.0,0.0,0.1,0.1,0.2,0.0
2026-05-30T19:49:00,BAD01,0,Normal,0.9903,0.0,2.91,3.18,2.64,171.055038,194.002319,148.666534,0.1,0.0,0.0,0.0,0.4,0.4,0.0,0.0,26.35,21.700001,2.2,2.03,1.66,2.03,16.75,13.7286,1.7233,0.88,-26.35,0.0,0.0,0.0,0.0,0.0,0.0,0.1,0.1,0.2,0.0
2026-05-30T19:49:00,THA01,0,Normal,0.9983,0.0,1.9638,2.13,1.77,47.609718,56.352627,37.741302,0.1,0.0,0.0,0.0,0.4,0.4,0.0,1.0,20.1,51.400002,18.4,2.09,2.1,2.09,29.9667,21.1714,1.9433,-0.1262,-20.1,0.0,0.0,0.0,0.0,0.0,0.0,0.1,0.1,0.2,0.0
2026-05-30T21:23:07,BAD01,0,Normal,0.9905,0.0,2.8722,3.18,2.57,167.87764,194.002319,143.078964,0.1,0.0,0.0,0.0,0.4,0.4,0.0,0.0,26.35,21.700001,2.2,2.03,1.66,2.03,16.75,13.7286,1.7233,0.8422,-26.35,0.0,0.0,0.0,0.0,0.0,0.0,0.1,0.1,0.2,0.0
2026-05-30T21:23:07,THA01,0,Normal,0.9983,0.0,1.9733,2.13,1.77,48.015541,56.352627,37.741302,0.1,0.0,0.0,0.0,0.4,0.4,0.0,1.0,20.1,51.400002,18.4,2.09,2.1,2.09,29.9667,21.1714,1.9433,-0.1167,-20.1,0.0,0.0,0.0,0.0,0.0,0.0,0.1,0.1,0.2,0.0
2026-05-30T23:17:37,BAD01,0,Normal,0.9906,0.25,2.839,3.18,2.54,165.101837,194.002319,140.703949,0.1,0.0,0.0,0.0,0.5,0.5,0.0,0.0,26.35,21.700001,2.2,2.03,1.66,2.03,16.75,13.7286,1.7233,0.809,-26.1,0.0,0.0,0.0,0.0,0.0,0.0,0.1,0.1,0.2,0.0
2026-05-30T23:17:37,THA01,0,Normal,0.9983,0.0,1.976,2.13,1.77,48.131153,56.352627,37.741302,0.1,0.0,0.0,0.0,0.5,0.5,0.0,1.0,20.1,51.400002,18.4,2.09,2.1,2.09,29.9667,21.1714,1.9433,-0.114,-20.1,0.0,0.0,0.0,0.0,0.0,0.0,0.1,0.1,0.2,0.0
2026-05-31T01:27:11,BAD01,0,Normal,0.9981,4.45,2.45,2.45,2.45,133.651291,133.071457,133.650681,0.0,0.0,0.0,0.0,0.1,0.1,0.0,0.0,26.35,21.700001,2.2,2.03,1.66,2.03,16.75,13.7286,1.7233,0.42,-21.9,0.0,0.0,0.0,0.0,0.0,0.0,0.1,0.1,0.2,0.0
2026-05-31T01:27:11,THA01,0,Normal,0.9983,3.7,1.94,1.94,1.94,46.599548,48.058308,44.618374,0.0,0.0,0.0,0.0,0.1,0.1,0.0,1.0,20.1,51.400002,18.4,2.09,2.1,2.09,29.9667,21.1714,1.9433,-0.15,-16.4,0.0,0.0,0.0,0.0,0.0,0.0,0.1,0.1,0.2,0.0
2026-05-31T03:14:43,BAD01,0,Normal,0.9981,9.95,2.44,2.45,2.43,132.86969,133.071457,132.098068,0.0,0.0,0.0,0.1,0.3,0.3,0.0,0.0,4.45,26.35,21.700001,2.45,2.03,2.45,17.5,13.7143,2.0467,-0.01,5.5,0.0,0.0,0.0,0.0,0.0,0.0,0.0,0.1,0.1,0.2
2026-05-31T03:14:43,THA01,0,Normal,0.9983,3.7,1.925,1.94,1.91,45.967693,48.058308,43.367039,0.0,0.0,0.0,0.1,0.3,0.3,0.0,1.0,3.7,20.1,51.400002,1.94,2.09,1.94,25.0667,20.5714,2.0433,-0.015,0.0,0.0,0.0,0.0,0.0,0.0,0.0,0.0,0.1,0.1,0.2
2026-05-31T04:13:01,BAD01,0,Normal,0.9981,9.95,2.4367,2.45,2.43,132.612061,133.071457,132.098068,0.0,0.1,0.0,0.2,0.3,0.3,0.0,0.0,4.45,26.35,21.700001,2.45,2.03,2.45,17.5,13.7143,2.0467,-0.0133,5.5,0.0,0.0,0.0,0.0,0.0,0.0,0.0,0.1,0.1,0.2
2026-05-31T04:13:01,THA01,0,Normal,0.9983,3.7,1.92,1.94,1.91,45.757904,48.058308,43.367039,0.0,0.1,0.0,0.2,0.3,0.3,0.0,1.0,3.7,20.1,51.400002,1.94,2.09,1.94,25.0667,20.5714,2.0433,-0.02,0.0,0.0,0.0,0.0,0.0,0.0,0.0,0.0,0.1,0.1,0.2
2026-05-31T05:15:21,BAD01,0,Normal,0.9981,9.95,2.425,2.45,2.39,131.699875,133.071457,129.00914,0.0,0.2,0.1,0.3,0.3,0.3,0.0,0.0,4.45,26.35,21.700001,2.45,2.03,2.45,17.5,13.7143,2.0467,-0.025,5.5,0.0,0.0,0.0,0.0,0.0,0.0,0.0,0.1,0.1,0.2
2026-05-31T05:15:21,THA01,0,Normal,0.9983,6.3,1.9025,1.94,1.85,45.026901,48.058308,40.912766,0.0,0.2,0.1,0.3,0.3,0.3,0.0,1.0,3.7,20.1,51.400002,1.94,2.09,1.94,25.0667,20.5714,2.0433,-0.0375,2.6,0.0,0.0,0.0,0.0,0.0,0.0,0.0,0.1,0.1,0.2
2026-05-31T07:26:59,BAD01,0,Normal,0.9981,9.95,2.418,2.45,2.39,131.155045,133.071457,129.00914,0.0,0.2,0.1,0.4,0.3,0.3,0.0,0.0,4.45,26.35,21.700001,2.45,2.03,2.45,17.5,13.7143,2.0467,-0.032,5.5,0.0,0.0,0.0,0.0,0.0,0.0,0.0,0.1,0.1,0.2
2026-05-31T07:26:59,THA01,0,Normal,0.9983,6.3,1.892,1.94,1.85,44.59074,48.058308,40.912766,0.0,0.2,0.1,0.4,0.3,0.3,0.0,1.0,3.7,20.1,51.400002,1.94,2.09,1.94,25.0667,20.5714,2.0433,-0.048,2.6,0.0,0.0,0.0,0.0,0.0,0.0,0.0,0.1,0.1,0.2
2026-05-31T12:13:14,BAD01,0,Normal,0.9981,11.05,2.3967,2.45,2.29,129.501389,133.071457,121.383224,0.0,0.2,0.1,0.4,0.3,0.3,0.0,0.0,4.45,26.35,21.700001,2.45,2.03,2.45,17.5,13.7143,2.0467,-0.0533,6.6,0.0,0.0,0.0,0.0,0.0,0.0,0.0,0.1,0.1,0.2
2026-05-31T12:13:14,THA01,0,Normal,0.9983,9.7,1.87,1.94,1.76,43.682823,48.058308,37.353016,0.0,0.2,0.1,0.4,0.3,0.3,0.0,1.0,3.7,20.1,51.400002,1.94,2.09,1.94,25.0667,20.5714,2.0433,-0.07,6.0,0.0,0.0,0.0,0.0,0.0,0.0,0.0,0.1,0.1,0.2
2026-05-31T15:07:52,BAD01,0,Normal,0.9981,11.55,2.3729,2.45,2.23,127.661194,133.071457,116.874863,0.0,0.2,0.1,0.4,0.3,0.3,0.0,0.0,4.45,26.35,21.700001,2.45,2.03,2.45,17.5,13.7143,2.0467,-0.0771,7.1,0.0,0.0,0.0,0.0,0.0,0.0,0.0,0.1,0.1,0.2
2026-05-31T15:07:52,THA01,0,Normal,0.9983,9.7,1.8443,1.94,1.69,42.632431,48.058308,34.685974,0.0,0.2,0.1,0.4,0.3,0.3,0.0,1.0,3.7,20.1,51.400002,1.94,2.09,1.94,25.0667,20.5714,2.0433,-0.0957,6.0,0.0,0.0,0.0,0.0,0.0,0.0,0.0,0.1,0.1,0.2
2026-05-31T16:51:53,BAD01,0,Normal,0.9981,13.55,2.35,2.45,2.19,125.898125,133.071457,113.897751,0.0,0.3,0.3,0.5,0.3,0.3,0.0,0.0,4.45,26.35,21.700001,2.45,2.03,2.45,17.5,13.7143,2.0467,-0.1,9.1,0.0,0.0,0.0,0.0,0.0,0.0,0.0,0.1,0.1,0.2
2026-05-31T16:51:53,THA01,0,Normal,0.9983,17.299999,1.8212,1.94,1.66,41.697731,48.058308,33.570358,0.0,0.3,0.3,0.5,0.3,0.3,0.0,1.0,3.7,20.1,51.400002,1.94,2.09,1.94,25.0667,20.5714,2.0433,-0.1188,13.6,0.0,0.0,0.0,0.0,0.0,0.0,0.0,0.1,0.1,0.2
2026-05-31T18:33:14,BAD01,0,Normal,0.9981,13.55,2.33,2.45,2.17,124.36441,133.071457,112.417824,0.0,0.4,0.4,0.5,0.3,0.3,0.0,0.0,4.45,26.35,21.700001,2.45,2.03,2.45,17.5,13.7143,2.0467,-0.12,9.1,0.0,0.0,0.0,0.0,0.0,0.0,0.0,0.1,0.1,0.2
2026-05-31T18:33:14,THA01,0,Normal,0.9983,17.299999,1.8211,1.94,1.66,41.693703,48.058308,33.570358,0.0,0.4,0.4,0.5,0.3,0.3,0.0,1.0,3.7,20.1,51.400002,1.94,2.09,1.94,25.0667,20.5714,2.0433,-0.1189,13.6,0.0,0.0,0.0,0.0,0.0,0.0,0.0,0.1,0.1,0.2
2026-05-31T20:35:55,BAD01,0,Normal,0.9981,13.55,2.312,2.45,2.15,122.988945,133.071457,110.943695,0.0,0.4,0.4,0.5,0.3,0.3,0.0,0.0,4.45,26.35,21.700001,2.45,2.03,2.45,17.5,13.7143,2.0467,-0.138,9.1,0.0,0.0,0.0,0.0,0.0,0.0,0.0,0.1,0.1,0.2
2026-05-31T20:35:55,THA01,0,Normal,0.9983,17.299999,1.832,1.94,1.66,42.133621,48.058308,33.570358,0.0,0.4,0.4,0.5,0.3,0.3,0.0,1.0,3.7,20.1,51.400002,1.94,2.09,1.94,25.0667,20.5714,2.0433,-0.108,13.6,0.0,0.0,0.0,0.0,0.0,0.0,0.0,0.1,0.1,0.2
2026-05-31T22:17:45,BAD01,0,Normal,0.9981,13.55,2.2964,2.45,2.14,121.800629,133.071457,110.208809,0.0,0.4,0.4,0.5,0.3,0.3,0.0,0.0,4.45,26.35,21.700001,2.45,2.03,2.45,17.5,13.7143,2.0467,-0.1536,9.1,0.0,0.0,0.0,0.0,0.0,0.0,0.0,0.1,0.1,0.2
2026-05-31T22:17:45,THA01,0,Normal,0.9983,17.299999,1.8445,1.97,1.66,42.64056,49.33157,33.570358,0.0,0.4,0.4,0.5,0.3,0.3,0.0,1.0,3.7,20.1,51.400002,1.94,2.09,1.94,25.0667,20.5714,2.0433,-0.0955,13.6,0.0,0.0,0.0,0.0,0.0,0.0,0.0,0.1,0.1,0.2
2026-06-01T00:24:24,BAD01,0,Normal,0.9981,13.3,2.12,2.12,2.12,108.610283,107.959801,108.743423,0.0,0.1,0.1,0.0,0.1,0.1,0.0,0.0,4.45,26.35,21.700001,2.45,2.03,2.45,17.5,13.7143,2.0467,-0.33,8.85,0.0,0.0,0.0,0.0,0.0,0.0,0.0,0.1,0.1,0.2
2026-06-01T00:24:24,THA01,0,Normal,0.9983,17.299999,1.91,1.91,1.91,45.339565,46.798832,43.367039,0.0,0.1,0.1,0.0,0.1,0.1,0.0,1.0,3.7,20.1,51.400002,1.94,2.09,1.94,25.0667,20.5714,2.0433,-0.03,13.6,0.0,0.0,0.0,0.0,0.0,0.0,0.0,0.1,0.1,0.2
2026-06-01T02:12:41,BAD01,0,Normal,0.9981,9.1,2.11,2.12,2.1,107.87635,107.959801,107.283913,0.0,0.2,0.1,0.0,0.1,0.1,0.0,0.0,13.3,4.45,26.35,2.12,2.45,2.12,14.7,15.05,2.2,-0.01,-4.2,0.0,0.0,0.1,0.0,0.1,0.0,0.0,0.0,0.1,0.1
2026-06-01T02:12:41,THA01,0,Normal,0.9983,13.6,1.875,1.91,1.84,43.888458,46.798832,40.510014,0.0,0.2,0.1,0.0,0.1,0.1,0.0,1.0,17.299999,3.7,20.1,1.91,1.94,1.91,13.7,21.5429,1.98,-0.035,-3.7,0.0,0.0,0.1,0.0,0.1,0.0,0.0,0.0,0.1,0.1
2026-06-01T03:12:56,BAD01,0,Normal,0.9982,4.35,2.1033,2.12,2.09,107.38546,107.959801,106.556374,0.0,0.3,0.1,0.0,0.1,0.1,0.0,0.0,13.3,4.45,26.35,2.12,2.45,2.12,14.7,15.05,2.2,-0.0167,-8.95,0.0,0.0,0.1,0.0,0.1,0.0,0.0,0.0,0.1,0.1
2026-06-01T03:12:56,THA01,0,Normal,0.9983,13.6,1.8533,1.91,1.81,42.999016,46.798832,39.312572,0.0,0.3,0.1,0.0,0.1,0.1,0.0,1.0,17.299999,3.7,20.1,1.91,1.94,1.91,13.7,21.5429,1.98,-0.0567,-3.7,0.0,0.0,0.1,0.0,0.1,0.0,0.0,0.0,0.1,0.1
2026-06-01T04:13:35,BAD01,0,Normal,0.9982,4.35,2.1,2.12,2.09,107.143929,107.959801,106.556374,0.0,0.3,0.2,0.1,0.4,0.4,0.0,0.0,13.3,4.45,26.35,2.12,2.45,2.12,14.7,15.05,2.2,-0.02,-8.95,0.0,0.0,0.1,0.0,0.1,0.0,0.0,0.0,0.1,0.1
2026-06-01T04:13:35,THA01,0,Normal,0.9983,13.6,1.8425,1.91,1.81,42.559277,46.798832,39.312572,0.0,0.3,0.2,0.1,0.4,0.4,0.0,1.0,17.299999,3.7,20.1,1.91,1.94,1.91,13.7,21.5429,1.98,-0.0675,-3.7,0.0,0.0,0.1,0.0,0.1,0.0,0.0,0.0,0.1,0.1
2026-06-01T05:20:48,BAD01,0,Normal,0.9982,4.35,2.096,2.12,2.08,106.851379,107.959801,105.830307,0.0,0.3,0.3,0.2,0.5,0.5,0.0,0.0,13.3,4.45,26.35,2.12,2.45,2.12,14.7,15.05,2.2,-0.024,-8.95,0.0,0.0,0.1,0.0,0.1,0.0,0.0,0.0,0.1,0.1
2026-06-01T05:20:48,THA01,0,Normal,0.9983,11.0,1.828,1.91,1.77,41.971951,46.798832,37.741302,0.0,0.3,0.3,0.2,0.5,0.5,0.0,1.0,17.299999,3.7,20.1,1.91,1.94,1.91,13.7,21.5429,1.98,-0.082,-6.3,0.0,0.0,0.1,0.0,0.1,0.0,0.0,0.0,0.1,0.1
2026-06-01T11:01:22,BAD01,0,Normal,0.9982,3.25,2.075,2.12,1.97,105.319489,107.959801,97.942459,0.0,0.3,0.3,0.2,0.5,0.5,0.0,0.0,13.3,4.45,26.35,2.12,2.45,2.12,14.7,15.05,2.2,-0.045,-10.05,0.0,0.0,0.1,0.0,0.1,0.0,0.0,0.0,0.1,0.1
2026-06-01T11:01:22,THA01,0,Normal,0.9983,7.6,1.8133,1.91,1.74,41.380127,46.798832,36.581894,0.0,0.3,0.3,0.2,0.5,0.5,0.0,1.0,17.299999,3.7,20.1,1.91,1.94,1.91,13.7,21.5429,1.98,-0.0967,-9.7,0.0,0.0,0.1,0.0,0.1,0.0,0.0,0.0,0.1,0.1
2026-06-01T16:29:48,BAD01,0,Normal,0.9982,0.75,2.05,2.12,1.9,103.50457,107.959801,93.019012,0.0,0.4,0.3,0.2,0.6,0.6,0.0,0.0,13.3,4.45,26.35,2.12,2.45,2.12,14.7,15.05,2.2,-0.07,-12.55,0.0,0.0,0.1,0.0,0.1,0.0,0.0,0.0,0.1,0.1
2026-06-01T16:29:48,THA01,0,Normal,0.9983,0.0,1.7971,1.91,1.7,40.732113,46.798832,35.061508,0.0,0.4,0.3,0.2,0.6,0.6,0.0,1.0,17.299999,3.7,20.1,1.91,1.94,1.91,13.7,21.5429,1.98,-0.1129,-17.299999,0.0,0.0,0.1,0.0,0.1,0.0,0.0,0.0,0.1,0.1
2026-06-01T22:36:50,BAD01,0,Normal,0.9982,0.75,2.0163,2.12,1.78,101.073235,107.959801,84.757965,0.0,0.4,0.3,0.2,0.6,0.6,0.0,0.0,13.3,4.45,26.35,2.12,2.45,2.12,14.7,15.05,2.2,-0.1037,-12.55,0.0,0.0,0.1,0.0,0.1,0.0,0.0,0.0,0.1,0.1
2026-06-01T22:36:50,THA01,0,Normal,0.9983,0.0,1.7888,1.91,1.7,40.401817,46.798832,35.061508,0.0,0.4,0.3,0.2,0.6,0.6,0.0,1.0,17.299999,3.7,20.1,1.91,1.94,1.91,13.7,21.5429,1.98,-0.1212,-17.299999,0.0,0.0,0.1,0.0,0.1,0.0,0.0,0.0,0.1,0.1
2026-06-02T02:47:35,BAD01,0,Normal,0.9983,0.75,1.69,1.69,1.69,78.467377,77.794884,78.715096,0.0,0.0,0.0,0.0,0.0,0.0,0.0,0.0,13.3,4.45,26.35,2.12,2.45,2.12,14.7,15.05,2.2,-0.43,-12.55,0.0,0.0,0.1,0.0,0.1,0.0,0.0,0.0,0.1,0.1
2026-06-02T02:47:35,THA01,0,Normal,0.9983,0.0,1.64,1.64,1.64,34.678616,36.094952,32.835789,0.0,0.0,0.0,0.0,0.0,0.0,0.0,1.0,17.299999,3.7,20.1,1.91,1.94,1.91,13.7,21.5429,1.98,-0.27,-17.299999,0.0,0.0,0.1,0.0,0.1,0.0,0.0,0.0,0.1,0.1
2026-06-02T04:48:00,BAD01,0,Normal,0.9983,0.5,1.66,1.69,1.63,76.477585,77.794884,74.761505,0.1,0.0,0.1,0.0,0.0,0.0,0.0,0.0,13.3,4.45,26.35,2.12,2.45,2.12,14.7,15.05,2.2,-0.46,-12.8,0.0,0.0,0.1,0.0,0.1,0.0,0.0,0.0,0.1,0.1
2026-06-02T04:48:00,THA01,0,Normal,0.9983,0.0,1.615,1.64,1.59,33.754219,36.094952,31.031576,0.1,0.0,0.1,0.0,0.0,0.0,0.0,1.0,17.299999,3.7,20.1,1.91,1.94,1.91,13.7,21.5429,1.98,-0.295,-17.299999,0.0,0.0,0.1,0.0,0.1,0.0,0.0,0.0,0.1,0.1
2026-06-02T07:34:36,BAD01,0,Normal,0.9983,2.7,1.6333,1.69,1.58,74.719734,77.794884,71.513741,0.1,0.0,0.1,0.1,0.0,0.0,0.0,0.0,13.3,4.45,26.35,2.12,2.45,2.12,14.7,15.05,2.2,-0.4867,-10.6,0.0,0.0,0.1,0.0,0.1,0.0,0.0,0.0,0.1,0.1
2026-06-02T07:34:36,THA01,0,Normal,0.9983,3.0,1.6033,1.64,1.58,33.32531,36.094952,30.676271,0.1,0.0,0.1,0.1,0.0,0.0,0.0,1.0,17.299999,3.7,20.1,1.91,1.94,1.91,13.7,21.5429,1.98,-0.3067,-14.3,0.0,0.0,0.1,0.0,0.1,0.0,0.0,0.0,0.1,0.1
2026-06-02T12:41:50,BAD01,0,Normal,0.9983,2.7,1.5975,1.69,1.49,72.382301,77.794884,65.777802,0.2,0.3,0.1,0.2,0.0,0.0,0.0,0.0,13.3,4.45,26.35,2.12,2.45,2.12,14.7,15.05,2.2,-0.5225,-10.6,0.0,0.0,0.1,0.0,0.1,0.0,0.0,0.0,0.1,0.1
2026-06-02T12:41:50,THA01,0,Normal,0.9983,3.0,1.6075,1.64,1.58,33.479004,36.094952,30.676271,0.2,0.3,0.1,0.2,0.0,0.0,0.0,1.0,17.299999,3.7,20.1,1.91,1.94,1.91,13.7,21.5429,1.98,-0.3025,-14.3,0.0,0.0,0.1,0.0,0.1,0.0,0.0,0.0,0.1,0.1
2026-06-02T17:23:29,BAD01,0,Normal,0.9983,4.1,1.588,1.69,1.49,71.765816,77.794884,65.777802,0.4,0.6,0.3,0.4,0.1,0.1,0.0,0.0,13.3,4.45,26.35,2.12,2.45,2.12,14.7,15.05,2.2,-0.532,-9.2,0.0,0.0,0.1,0.0,0.1,0.0,0.0,0.0,0.1,0.1
2026-06-02T17:23:29,THA01,0,Normal,0.9983,13.0,1.594,1.64,1.54,32.986069,36.094952,29.273586,0.4,0.6,0.3,0.4,0.1,0.1,0.0,1.0,17.299999,3.7,20.1,1.91,1.94,1.91,13.7,21.5429,1.98,-0.316,-4.3,0.0,0.0,0.1,0.0,0.1,0.0,0.0,0.0,0.1,0.1
2026-06-02T22:39:41,BAD01,0,Normal,0.9983,17.200001,1.58,1.69,1.49,71.247917,77.794884,65.777802,0.5,0.8,0.5,0.5,0.3,0.3,0.0,0.0,13.3,4.45,26.35,2.12,2.45,2.12,14.7,15.05,2.2,-0.54,3.9,0.0,0.0,0.1,0.0,0.1,0.0,0.0,0.0,0.1,0.1
2026-06-02T22:39:41,THA01,0,Normal,0.9983,13.0,1.6517,1.94,1.54,35.114929,48.058308,29.273586,0.5,0.8,0.5,0.5,0.3,0.3,0.0,1.0,17.299999,3.7,20.1,1.91,1.94,1.91,13.7,21.5429,1.98,-0.2583,-4.3,0.0,0.0,0.1,0.0,0.1,0.0,0.0,0.0,0.1,0.1
2026-06-03T02:00:31,BAD01,0,Normal,0.9983,17.200001,1.51,1.51,1.51,66.765129,66.107483,67.040047,0.2,0.3,0.3,0.3,0.3,0.3,0.0,0.0,13.3,4.45,26.35,2.12,2.45,2.12,14.7,15.05,2.2,-0.61,3.9,0.0,0.0,0.1,0.0,0.1,0.0,0.0,0.0,0.1,0.1
2026-06-03T02:00:31,THA01,0,Normal,0.9983,13.0,1.87,1.87,1.87,43.682823,45.141087,41.723671,0.2,0.3,0.3,0.3,0.3,0.3,0.0,1.0,17.299999,3.7,20.1,1.91,1.94,1.91,13.7,21.5429,1.98,-0.04,-4.3,0.0,0.0,0.1,0.0,0.1,0.0,0.0,0.0,0.1,0.1
2026-06-03T04:21:37,BAD01,0,Normal,0.9983,16.700001,1.545,1.58,1.51,68.995506,70.582787,67.040047,0.3,0.3,0.3,0.3,0.3,0.3,0.0,0.0,13.3,4.45,26.35,2.12,2.45,2.12,14.7,15.05,2.2,-0.575,3.4,0.0,0.0,0.1,0.0,0.1,0.0,0.0,0.0,0.1,0.1
2026-06-03T04:21:37,THA01,0,Normal,0.9983,17.799999,1.85,1.87,1.83,42.864445,45.141087,40.109062,0.3,0.3,0.3,0.3,0.3,0.3,0.0,1.0,17.299999,3.7,20.1,1.91,1.94,1.91,13.7,21.5429,1.98,-0.06,0.5,0.0,0.0,0.1,0.0,0.1,0.0,0.0,0.0,0.1,0.1
2026-06-03T07:43:26,BAD01,0,Normal,0.9983,14.5,1.59,1.68,1.51,71.89547,77.130348,67.040047,0.4,0.4,0.3,0.3,0.3,0.3,0.0,0.0,13.3,4.45,26.35,2.12,2.45,2.12,14.7,15.05,2.2,-0.53,1.2,0.0,0.0,0.1,0.0,0.1,0.0,0.0,0.0,0.1,0.1
2026-06-03T07:43:26,THA01,0,Normal,0.9983,16.9,1.8233,1.87,1.77,41.782333,45.141087,37.741302,0.4,0.4,0.3,0.3,0.3,0.3,0.0,1.0,17.299999,3.7,20.1,1.91,1.94,1.91,13.7,21.5429,1.98,-0.0867,-0.4,0.0,0.0,0.1,0.0,0.1,0.0,0.0,0.0,0.1,0.1
2026-06-03T12:56:59,BAD01,0,Normal,0.9983,14.5,1.6125,1.68,1.51,73.358932,77.130348,67.040047,0.5,0.5,0.3,0.4,0.3,0.3,0.0,0.0,13.3,4.45,26.35,2.12,2.45,2.12,14.7,15.05,2.2,-0.5075,1.2,0.0,0.0,0.1,0.0,0.1,0.0,0.0,0.0,0.1,0.1
2026-06-03T12:56:59,THA01,0,Normal,0.9983,16.9,1.8125,1.87,1.77,41.348022,45.141087,37.741302,0.5,0.5,0.3,0.4,0.3,0.3,0.0,1.0,17.299999,3.7,20.1,1.91,1.94,1.91,13.7,21.5429,1.98,-0.0975,-0.4,0.0,0.0,0.1,0.0,0.1,0.0,0.0,0.0,0.1,0.1
2026-06-03T17:55:53,BAD01,0,Normal,0.9983,13.1,1.618,1.68,1.51,73.718025,77.130348,67.040047,0.6,0.8,0.5,0.8,0.5,0.5,0.0,0.0,13.3,4.45,26.35,2.12,2.45,2.12,14.7,15.05,2.2,-0.502,-0.2,0.0,0.0,0.1,0.0,0.1,0.0,0.0,0.0,0.1,0.1
2026-06-03T17:55:53,THA01,0,Normal,0.9983,6.9,1.794,1.87,1.72,40.608612,45.141087,35.818054,0.6,0.8,0.5,0.8,0.5,0.5,0.0,1.0,17.299999,3.7,20.1,1.91,1.94,1.91,13.7,21.5429,1.98,-0.116,-10.4,0.0,0.0,0.1,0.0,0.1,0.0,0.0,0.0,0.1,0.1
2026-06-03T23:05:03,BAD01,0,Normal,0.9983,14.45,1.6117,1.68,1.51,73.306747,77.130348,67.040047,0.8,1.1,0.8,0.9,0.6,0.6,0.0,0.0,13.3,4.45,26.35,2.12,2.45,2.12,14.7,15.05,2.2,-0.5083,1.15,0.0,0.0,0.1,0.0,0.1,0.0,0.0,0.0,0.1,0.1
2026-06-03T23:05:03,THA01,0,Normal,0.9983,14.8,1.7683,1.87,1.64,39.591003,45.141087,32.835789,0.8,1.1,0.8,0.9,0.6,0.6,0.0,1.0,17.299999,3.7,20.1,1.91,1.94,1.91,13.7,21.5429,1.98,-0.1417,-2.5,0.0,0.0,0.1,0.0,0.1,0.0,0.0,0.0,0.1,0.1
2026-06-04T02:12:23,BAD01,0,Normal,0.9983,15.2,1.54,1.54,1.54,68.675522,68.014404,68.94677,0.2,0.6,0.5,0.5,0.4,0.4,0.0,0.0,13.3,4.45,26.35,2.12,2.45,2.12,14.7,15.05,2.2,-0.58,1.9,0.0,0.0,0.1,0.0,0.1,0.0,0.0,0.0,0.1,0.1
2026-06-04T02:12:23,THA01,0,Normal,0.9983,10.5,1.68,1.68,1.68,36.18,37.607964,34.312271,0.2,0.6,0.5,0.5,0.4,0.4,0.0,1.0,17.299999,3.7,20.1,1.91,1.94,1.91,13.7,21.5429,1.98,-0.23,-6.8,0.0,0.0,0.1,0.0,0.1,0.0,0.0,0.0,0.1,0.1
2026-06-04T04:25:15,BAD01,0,Normal,0.9983,15.2,1.54,1.54,1.54,68.675522,68.014404,68.94677,0.4,1.0,0.9,0.9,1.5,1.5,0.0,0.0,13.3,4.45,26.35,2.12,2.45,2.12,14.7,15.05,2.2,-0.58,1.9,0.0,0.0,0.1,0.0,0.1,0.0,0.0,0.0,0.1,0.1
2026-06-04T04:25:15,THA01,0,Normal,0.9983,10.5,1.68,1.68,1.68,36.18,37.607964,34.312271,0.4,1.0,0.9,0.9,1.5,1.5,0.0,1.0,17.299999,3.7,20.1,1.91,1.94,1.91,13.7,21.5429,1.98,-0.23,-6.8,0.0,0.0,0.1,0.0,0.1,0.0,0.0,0.0,0.1,0.1
2026-06-04T07:41:17,BAD01,0,Normal,0.9983,15.2,1.6,1.72,1.54,72.5448,79.798988,68.94677,0.5,1.1,1.2,1.1,2.2,2.2,0.0,0.0,13.3,4.45,26.35,2.12,2.45,2.12,14.7,15.05,2.2,-0.52,1.9,0.0,0.0,0.1,0.0,0.1,0.0,0.0,0.0,0.1,0.1
2026-06-04T07:41:17,THA01,0,Normal,0.9983,21.700001,1.79,2.01,1.68,40.449501,51.050591,34.312271,0.5,1.1,1.2,1.1,2.2,2.2,0.0,1.0,17.299999,3.7,20.1,1.91,1.94,1.91,13.7,21.5429,1.98,-0.12,4.4,0.0,0.0,0.1,0.0,0.1,0.0,0.0,0.0,0.1,0.1
2026-06-04T12:40:57,BAD01,0,Normal,0.9983,15.2,1.6575,1.83,1.54,76.312469,87.280022,68.94677,0.7,1.3,1.2,1.6,2.3,2.3,0.0,0.0,13.3,4.45,26.35,2.12,2.45,2.12,14.7,15.05,2.2,-0.4625,1.9,0.0,0.0,0.1,0.0,0.1,0.0,0.0,0.0,0.1,0.1
2026-06-04T12:40:57,THA01,0,Normal,0.9983,24.700001,1.8225,2.01,1.68,41.750095,51.050591,34.312271,0.7,1.3,1.2,1.6,2.3,2.3,0.0,1.0,17.299999,3.7,20.1,1.91,1.94,1.91,13.7,21.5429,1.98,-0.0875,7.4,0.0,0.0,0.1,0.0,0.1,0.0,0.0,0.0,0.1,0.1
2026-06-04T16:21:02,BAD01,0,Normal,0.9983,15.2,1.698,1.86,1.54,79.000595,89.355843,68.94677,0.8,1.4,1.3,1.7,2.4,2.4,0.0,0.0,13.3,4.45,26.35,2.12,2.45,2.12,14.7,15.05,2.2,-0.422,1.9,0.0,0.0,0.1,0.0,0.1,0.0,0.0,0.0,0.1,0.1
2026-06-04T16:21:02,THA01,0,Normal,0.9983,24.700001,1.828,2.01,1.68,41.971951,51.050591,34.312271,0.8,1.4,1.3,1.7,2.4,2.4,0.0,1.0,17.299999,3.7,20.1,1.91,1.94,1.91,13.7,21.5429,1.98,-0.082,7.4,0.0,0.0,0.1,0.0,0.1,0.0,0.0,0.0,0.1,0.1
2026-06-04T19:48:05,BAD01,0,Normal,0.9983,12.5,1.7267,1.87,1.54,80.922478,90.051117,68.94677,0.9,1.5,1.4,1.8,2.5,2.5,0.0,0.0,13.3,4.45,26.35,2.12,2.45,2.12,14.7,15.05,2.2,-0.3933,-0.8,0.0,0.0,0.1,0.0,0.1,0.0,0.0,0.0,0.1,0.1
2026-06-04T19:48:05,THA01,0,Normal,0.9983,22.6,1.8317,2.01,1.68,42.121487,51.050591,34.312271,0.9,1.5,1.4,1.8,2.5,2.5,0.0,1.0,17.299999,3.7,20.1,1.91,1.94,1.91,13.7,21.5429,1.98,-0.0783,5.3,0.0,0.0,0.1,0.0,0.1,0.0,0.0,0.0,0.1,0.1
2026-06-04T23:05:51,BAD01,0,Normal,0.9983,13.15,1.74,1.87,1.54,81.817833,90.051117,68.94677,1.1,1.8,1.8,2.0,2.9,2.9,0.0,0.0,13.3,4.45,26.35,2.12,2.45,2.12,14.7,15.05,2.2,-0.38,-0.15,0.0,0.0,0.1,0.0,0.1,0.0,0.0,0.0,0.1,0.1
2026-06-04T23:05:51,THA01,0,Normal,0.9983,32.799999,1.8486,2.01,1.68,42.807407,51.050591,34.312271,1.1,1.8,1.8,2.0,2.9,2.9,0.0,1.0,17.299999,3.7,20.1,1.91,1.94,1.91,13.7,21.5429,1.98,-0.0614,15.5,0.0,0.0,0.1,0.0,0.1,0.0,0.0,0.0,0.1,0.1
2026-06-05T01:18:48,BAD01,0,Normal,0.9983,3.15,1.78,1.78,1.78,84.528511,83.853958,84.757965,0.2,0.3,0.4,0.4,0.2,0.2,0.0,0.0,13.3,4.45,26.35,2.12,2.45,2.12,14.7,15.05,2.2,-0.34,-10.15,0.0,0.0,0.1,0.0,0.1,0.0,0.0,0.0,0.1,0.1
2026-06-05T01:18:48,THA01,0,Normal,0.9983,34.400002,1.99,1.99,1.99,48.73254,50.188042,46.73962,0.2,0.3,0.4,0.4,0.2,0.2,0.0,1.0,17.299999,3.7,20.1,1.91,1.94,1.91,13.7,21.5429,1.98,0.08,17.1,0.0,0.0,0.1,0.0,0.1,0.0,0.0,0.0,0.1,0.1
2026-06-05T03:43:01,BAD01,0,Normal,0.9983,5.6,1.77,1.78,1.76,83.848335,83.853958,83.40361,0.3,0.4,0.5,0.5,0.4,0.4,0.0,0.0,3.15,13.3,4.45,1.78,2.12,1.78,6.9667,11.0786,2.1167,-0.01,2.45,0.2,0.0,0.3,0.1,0.4,0.1,0.4,0.0,0.2,0.1
2026-06-05T03:43:01,THA01,0,Normal,0.9983,42.799999,2.02,2.05,1.99,50.032063,52.793869,46.73962,0.3,0.4,0.5,0.5,0.4,0.4,0.0,1.0,34.400002,17.299999,3.7,1.99,1.91,1.99,18.4667,20.757099,1.9467,0.03,8.4,0.2,0.0,0.3,0.1,0.4,0.1,0.4,0.0,0.2,0.1
2026-06-05T05:24:00,BAD01,0,Normal,0.9983,8.8,1.7967,1.85,1.76,85.668098,88.662231,83.40361,0.4,0.5,0.6,0.6,0.6,0.6,0.0,0.0,3.15,13.3,4.45,1.78,2.12,1.78,6.9667,11.0786,2.1167,0.0167,5.65,0.2,0.0,0.3,0.1,0.4,0.1,0.4,0.0,0.2,0.1
2026-06-05T05:24:00,THA01,0,Normal,0.9983,45.900002,2.0533,2.12,1.99,51.491776,55.902546,46.73962,0.4,0.5,0.6,0.6,0.6,0.6,0.0,1.0,34.400002,17.299999,3.7,1.99,1.91,1.99,18.4667,20.757099,1.9467,0.0633,11.5,0.2,0.0,0.3,0.1,0.4,0.1,0.4,0.0,0.2,0.1
